<?xml version="1.0"?>
<!--<!DOCTYPE metadata SYSTEM "http://www.esri.com/metadata/esriprof80.dtd">-->
<metadata xml:lang="en"><Esri><CreaDate>20150120</CreaDate><CreaTime>14252800</CreaTime><SyncOnce>FALSE</SyncOnce><DataProperties><lineage><Process Name="Merge_2" ToolSource="C:\Program Files\ArcGIS\ArcToolbox\Toolboxes\Data Management Tools.tbx\Merge" Date="20070404" Time="115122">Merge Team_1_NGBR_Nov06_for_merge;Team_3_NGBR_Nov06;Team_2_NGBR_Nov06 D:\PhD\Dugong_Data\Aerial_Surveys_2006\GIS\Final_Database\DUG_NGBR_Nov062.shp "DATE_ DATE_ true false false 9 Text 0 0 ,First,#,Team_1_NGBR_Nov06_for_merge,DATE_,-1,-1,Team_3_NGBR_Nov06,DATE_,-1,-1,Team_2_NGBR_Nov06,DATE_,-1,-1;TRANS__DIR TRANS__DIR true false false 9 Text 0 0 ,First,#,Team_1_NGBR_Nov06_for_merge,TRANS__DIR,-1,-1,Team_3_NGBR_Nov06,TRANS__DIR,-1,-1,Team_2_NGBR_Nov06,TRANS__DIR,-1,-1;TRANS__NO_ TRANS__NO_ true false false 9 Long 0 9 ,First,#,Team_1_NGBR_Nov06_for_merge,TRANS__NO_,-1,-1,Team_3_NGBR_Nov06,TRANS__NO_,-1,-1,Team_2_NGBR_Nov06,TRANS__NO_,-1,-1;ANIMAL ANIMAL true false false 9 Text 0 0 ,First,#,Team_1_NGBR_Nov06_for_merge,ANIMAL,-1,-1,Team_3_NGBR_Nov06,ANIMAL,-1,-1,Team_2_NGBR_Nov06,ANIMAL,-1,-1;Calves Calves true false false 4 Short 0 4 ,First,#,Team_1_NGBR_Nov06_for_merge,Calves,-1,-1,Team_3_NGBR_Nov06,CALVES,-1,-1,Team_2_NGBR_Nov06,CALVES,-1,-1;NO_IN_GROU NO_IN_GROU true false false 4 Short 0 4 ,First,#,Team_1_NGBR_Nov06_for_merge,NO_IN_GROU,-1,-1,Team_3_NGBR_Nov06,NO_IN_GROU,-1,-1,Team_2_NGBR_Nov06,NO_IN_GROU,-1,-1;TIME TIME true true false 8 Date 0 0 ,First,#,Team_3_NGBR_Nov06,TIME,-1,-1,Team_2_NGBR_Nov06,TIME,-1,-1;X X true false false 16 Double 6 15 ,First,#,Team_3_NGBR_Nov06,X,-1,-1,Team_2_NGBR_Nov06,X,-1,-1;Y Y true false false 16 Double 6 15 ,First,#,Team_3_NGBR_Nov06,Y,-1,-1,Team_2_NGBR_Nov06,Y,-1,-1"</Process><Process Name="Project_11" ToolSource="C:\Program Files\ArcGIS\ArcToolbox\Toolboxes\Data Management Tools.tbx\Project" Date="20070819" Time="123737">Project DUG_NGBR_Nov06 E:\PhD\Dugong_Data\Aerial_Surveys_2006\GIS\Final_Database\DUG_NGBR_Nov06_GDA94.shp GEOGCS['GCS_GDA_1994',DATUM['D_GDA_1994',SPHEROID['GRS_1980',6378137.0,298.257222101]],PRIMEM['Greenwich',0.0],UNIT['Degree',0.0174532925199433]] GDA_1994_To_WGS_1984 PROJCS['WGS_1984_UTM_Zone_55S',GEOGCS['GCS_WGS_1984',DATUM['D_WGS_1984',SPHEROID['WGS_1984',6378137.0,298.257223563]],PRIMEM['Greenwich',0.0],UNIT['Degree',0.0174532925199433]],PROJECTION['Transverse_Mercator'],PARAMETER['False_Easting',500000.0],PARAMETER['False_Northing',10000000.0],PARAMETER['Central_Meridian',147.0],PARAMETER['Scale_Factor',0.9996],PARAMETER['Latitude_Of_Origin',0.0],UNIT['Meter',1.0]]</Process><Process ToolSource="c:\program files (x86)\arcgis\desktop10.0\ArcToolbox\Toolboxes\Spatial Analyst Tools.tbx\ExtractMultiValuesToPoints" Date="20140124" Time="143752">ExtractMultiValuesToPoints DUG_NGBR_2006Nov "gbr100 gbr100" NONE</Process></lineage><itemProps><itemLocation><linkage Sync="TRUE">file://\\6QFYKV1\C$\SS_data\dugong\AMMC_dugong_database\Susan's Summary\nGBR\GIS files\DUG_NGBR_2006Nov</linkage><protocol Sync="TRUE">Local Area Network</protocol></itemLocation></itemProps><copyHistory><copy source="C:\SS_data\dugong\ADugong_Aerial_Survey_Database\Northern Great Barrier Reef\2006\GIS Data\DUG_NGBR_2006Nov" dest="\\6QFYKV1\C$\SS_data\dugong\AMMC_dugong_database\Susan's Summary\nGBR\GIS files\DUG_NGBR_2006Nov" date="20150120" time="14252800"></copy></copyHistory></DataProperties><SyncDate>20080714</SyncDate><SyncTime>16201000</SyncTime><ModDate>20080714</ModDate><ModTime>16201000</ModTime></Esri><idinfo><citation><citeinfo><onlink Sync="TRUE">\\JOYBOOK\C$\Documents and Settings\SEES\Desktop\Database\Database - Work\Database\Northern Great Barrier Reef\2006\GIS Data\DUG_NGBR_2006Nov</onlink><origin>REQUIRED: The name of an organization or individual that developed the data set.</origin><pubdate>REQUIRED: The date when the data set is published or otherwise made available for release.</pubdate><title Sync="TRUE">DUG_NGBR_Nov06</title><ftname Sync="TRUE">DUG_NGBR_Nov06</ftname><geoform Sync="TRUE">vector digital data</geoform></citeinfo></citation><native Sync="TRUE">Microsoft Windows XP Version 5.1 (Build 2600) Service Pack 2; ESRI ArcCatalog 9.2.2.1350</native><descript><langdata Sync="TRUE">en</langdata><abstract>REQUIRED: A brief narrative summary of the data set.</abstract><purpose>REQUIRED: A summary of the intentions with which the data set was developed.</purpose></descript><timeperd><current>REQUIRED: The basis on which the time period of content information is determined.</current><timeinfo><sngdate><caldate>REQUIRED: The year (and optionally month, or month and day) for which the data set corresponds to the ground.</caldate></sngdate></timeinfo></timeperd><status><progress>REQUIRED: The state of the data set.</progress><update>REQUIRED: The frequency with which changes and additions are made to the data set after the initial data set is completed.</update></status><spdom><bounding><westbc Sync="TRUE">142.846619</westbc><eastbc Sync="TRUE">145.404440</eastbc><northbc Sync="TRUE">-11.368573</northbc><southbc Sync="TRUE">-15.165980</southbc></bounding><lboundng><leftbc Sync="TRUE">142.846619</leftbc><rightbc Sync="TRUE">145.404440</rightbc><bottombc Sync="TRUE">-15.165980</bottombc><topbc Sync="TRUE">-11.368573</topbc></lboundng></spdom><keywords><theme><themekt>REQUIRED: Reference to a formally registered thesaurus or a similar authoritative source of theme keywords.</themekt><themekey>REQUIRED: Common-use word or phrase used to describe the subject of the data set.</themekey></theme></keywords><accconst>REQUIRED: Restrictions and legal prerequisites for accessing the data set.</accconst><useconst>REQUIRED: Restrictions and legal prerequisites for using the data set after access is granted.</useconst><natvform Sync="TRUE">Shapefile</natvform></idinfo><distInfo><distributor><distorTran><onLineSrc><linkage Sync="TRUE">file://\\JOYBOOK\C$\Documents and Settings\SEES\Desktop\Database\Database - Work\Database\Northern Great Barrier Reef\2006\GIS Data\DUG_NGBR_2006Nov</linkage><protocol Sync="TRUE">Local Area Network</protocol><orDesc Sync="TRUE">002</orDesc></onLineSrc><transSize Sync="TRUE">0.008</transSize></distorTran><distorFormat><formatName Sync="TRUE">Shapefile</formatName></distorFormat></distributor></distInfo><dataqual><lineage><procstep><procdesc Sync="TRUE">Dataset copied.</procdesc><srcused Sync="TRUE"></srcused><date Sync="TRUE">20070819</date><time Sync="TRUE">12373700</time></procstep><procstep><procdesc Sync="TRUE">Dataset copied.</procdesc><srcused Sync="TRUE">E:\PhD\Dugong_Data\Aerial_Surveys_2006\GIS\Final_Database\DUG_NGBR_Nov06_GDA94</srcused><date Sync="TRUE">20080618</date><time Sync="TRUE">14000200</time></procstep><procstep><procdesc Sync="TRUE">Dataset moved.</procdesc><srcused Sync="TRUE">C:\Documents and Settings\SEES\Desktop\Database\Database - Work\Tables\Table 2006 - Work\Origin\DUG_NGBR_Nov06</srcused><date Sync="TRUE">20080714</date><time Sync="TRUE">16210100</time></procstep><procstep><procdesc Sync="TRUE">Dataset copied.</procdesc><srcused Sync="TRUE">C:\Documents and Settings\SEES\Desktop\Database\Database - Work\Tables\Table 2006 - Work\Shapefile\GDA\DUG_NGBR_Nov06</srcused><date Sync="TRUE">20080715</date><time Sync="TRUE">14144700</time></procstep><procstep><procdesc Sync="TRUE">Dataset copied.</procdesc><srcused Sync="TRUE">C:\Documents and Settings\SEES\Desktop\Database\Database - Work\Database\Northern Great Barrier Reef\2006\GIS Data\DUG_NGBR_2006Nov</srcused><date Sync="TRUE">20080815</date><time Sync="TRUE">12462800</time></procstep><procstep><procdesc Sync="TRUE">Dataset copied.</procdesc><srcused Sync="TRUE">C:\Documents and Settings\SEES\Desktop\Database\Database - Work\Work\Shape files\DUG_NGBR_2006Nov</srcused><date Sync="TRUE">20080815</date><time Sync="TRUE">16214800</time></procstep></lineage></dataqual><dataIdInfo><envirDesc Sync="TRUE">Microsoft Windows XP Version 5.1 (Build 2600) Service Pack 2; ESRI ArcCatalog 9.2.2.1350</envirDesc><dataLang><languageCode Sync="TRUE" value="en"></languageCode></dataLang><idCitation><resTitle Sync="TRUE">DUG_NGBR_Nov06</resTitle><presForm><PresFormCd Sync="TRUE" value="005"></PresFormCd></presForm></idCitation><spatRpType><SpatRepTypCd Sync="TRUE" value="001"></SpatRepTypCd></spatRpType><dataExt><geoEle><GeoBndBox esriExtentType="native"><westBL Sync="TRUE">142.846619</westBL><eastBL Sync="TRUE">145.40444</eastBL><northBL Sync="TRUE">-11.368573</northBL><southBL Sync="TRUE">-15.16598</southBL><exTypeCode Sync="TRUE">1</exTypeCode></GeoBndBox></geoEle></dataExt><geoBox esriExtentType="decdegrees"><westBL Sync="TRUE">142.846619</westBL><eastBL Sync="TRUE">145.40444</eastBL><northBL Sync="TRUE">-11.368573</northBL><southBL Sync="TRUE">-15.16598</southBL><exTypeCode Sync="TRUE">1</exTypeCode></geoBox></dataIdInfo><metainfo><langmeta Sync="TRUE">en</langmeta><metstdn Sync="TRUE">FGDC Content Standards for Digital Geospatial Metadata</metstdn><metstdv Sync="TRUE">FGDC-STD-001-1998</metstdv><mettc Sync="TRUE">local time</mettc><metc><cntinfo><cntorgp><cntper>REQUIRED: The person responsible for the metadata information.</cntper><cntorg>REQUIRED: The organization responsible for the metadata information.</cntorg></cntorgp><cntaddr><addrtype>REQUIRED: The mailing and/or physical address for the organization or individual.</addrtype><city>REQUIRED: The city of the address.</city><state>REQUIRED: The state or province of the address.</state><postal>REQUIRED: The ZIP or other postal code of the address.</postal></cntaddr><cntvoice>REQUIRED: The telephone number by which individuals can speak to the organization or individual.</cntvoice></cntinfo></metc><metd Sync="TRUE">20080714</metd><metextns><onlink Sync="TRUE">http://www.esri.com/metadata/esriprof80.html</onlink><metprof Sync="TRUE">ESRI Metadata Profile</metprof></metextns></metainfo><mdLang><languageCode Sync="TRUE" value="en"></languageCode></mdLang><mdStanName Sync="TRUE">ISO 19115 Geographic Information - Metadata</mdStanName><mdStanVer Sync="TRUE">DIS_ESRI1.0</mdStanVer><mdChar><CharSetCd Sync="TRUE" value="004"></CharSetCd></mdChar><mdHrLv><ScopeCd Sync="TRUE" value="005"></ScopeCd></mdHrLv><mdHrLvName Sync="TRUE">dataset</mdHrLvName><distinfo><resdesc Sync="TRUE">Downloadable Data</resdesc><stdorder><digform><digtinfo><transize Sync="TRUE">0.008</transize><dssize Sync="TRUE">0.008</dssize></digtinfo></digform></stdorder></distinfo><spdoinfo><direct Sync="TRUE">Vector</direct><ptvctinf><esriterm Name="DUG_NGBR_Nov06"><efeatyp Sync="TRUE">Simple</efeatyp><efeageom Sync="TRUE">Point</efeageom><esritopo Sync="TRUE">FALSE</esritopo><efeacnt Sync="TRUE">299</efeacnt><spindex Sync="TRUE">TRUE</spindex><linrefer Sync="TRUE">FALSE</linrefer></esriterm><sdtsterm Name="DUG_NGBR_Nov06"><sdtstype Sync="TRUE">Entity point</sdtstype><ptvctcnt Sync="TRUE">299</ptvctcnt></sdtsterm></ptvctinf></spdoinfo><spref><horizsys><cordsysn><geogcsn Sync="TRUE">GCS_GDA_1994</geogcsn></cordsysn><geograph><geogunit Sync="TRUE">Decimal degrees</geogunit><latres Sync="TRUE">0.000000</latres><longres Sync="TRUE">0.000000</longres></geograph><geodetic><horizdn Sync="TRUE">D_GDA_1994</horizdn><ellips Sync="TRUE">Geodetic Reference System 80</ellips><semiaxis Sync="TRUE">6378137.000000</semiaxis><denflat Sync="TRUE">298.257222</denflat></geodetic></horizsys></spref><refSysInfo><RefSystem><refSysID><identCode Sync="TRUE">GCS_GDA_1994</identCode></refSysID></RefSystem></refSysInfo><spatRepInfo><VectSpatRep><topLvl><TopoLevCd Sync="TRUE" value="001"></TopoLevCd></topLvl><geometObjs Name="DUG_NGBR_Nov06"><geoObjTyp><GeoObjTypCd Sync="TRUE" value="004"></GeoObjTypCd></geoObjTyp><geoObjCnt Sync="TRUE">299</geoObjCnt></geometObjs></VectSpatRep></spatRepInfo><eainfo><detailed Name="DUG_NGBR_Nov06"><enttyp><enttypl Sync="TRUE">DUG_NGBR_Nov06</enttypl><enttypt Sync="TRUE">Feature Class</enttypt><enttypc Sync="TRUE">299</enttypc></enttyp><attr><attrlabl Sync="TRUE">FID</attrlabl><attalias Sync="TRUE">FID</attalias><attrtype Sync="TRUE">OID</attrtype><attwidth Sync="TRUE">4</attwidth><atprecis Sync="TRUE">0</atprecis><attscale Sync="TRUE">0</attscale><attrdef Sync="TRUE">Internal feature number.</attrdef><attrdefs Sync="TRUE">ESRI</attrdefs><attrdomv><udom Sync="TRUE">Sequential unique whole numbers that are automatically generated.</udom></attrdomv></attr><attr><attrlabl Sync="TRUE">Shape</attrlabl><attalias Sync="TRUE">Shape</attalias><attrtype Sync="TRUE">Geometry</attrtype><attwidth Sync="TRUE">0</attwidth><atprecis Sync="TRUE">0</atprecis><attscale Sync="TRUE">0</attscale><attrdef Sync="TRUE">Feature geometry.</attrdef><attrdefs Sync="TRUE">ESRI</attrdefs><attrdomv><udom Sync="TRUE">Coordinates defining the features.</udom></attrdomv></attr><attr><attrlabl Sync="TRUE">DATE_</attrlabl><attalias Sync="TRUE">DATE_</attalias><attrtype Sync="TRUE">String</attrtype><attwidth Sync="TRUE">9</attwidth></attr><attr><attrlabl Sync="TRUE">TRANS__DIR</attrlabl><attalias Sync="TRUE">TRANS__DIR</attalias><attrtype Sync="TRUE">String</attrtype><attwidth Sync="TRUE">9</attwidth></attr><attr><attrlabl Sync="TRUE">TRANS__NO_</attrlabl><attalias Sync="TRUE">TRANS__NO_</attalias><attrtype Sync="TRUE">Number</attrtype><attwidth Sync="TRUE">9</attwidth></attr><attr><attrlabl Sync="TRUE">Calves</attrlabl><attalias Sync="TRUE">Calves</attalias><attrtype Sync="TRUE">Number</attrtype><attwidth Sync="TRUE">4</attwidth></attr><attr><attrlabl Sync="TRUE">X</attrlabl><attalias Sync="TRUE">X</attalias><attrtype Sync="TRUE">Number</attrtype><attwidth Sync="TRUE">19</attwidth><atnumdec Sync="TRUE">6</atnumdec></attr><attr><attrlabl Sync="TRUE">Y</attrlabl><attalias Sync="TRUE">Y</attalias><attrtype Sync="TRUE">Number</attrtype><attwidth Sync="TRUE">19</attwidth><atnumdec Sync="TRUE">6</atnumdec></attr><attr><attrlabl Sync="TRUE">Number</attrlabl><attalias Sync="TRUE">Number</attalias><attrtype Sync="TRUE">Number</attrtype><attwidth Sync="TRUE">4</attwidth></attr></detailed></eainfo><mdDateSt Sync="TRUE">20080714</mdDateSt></metadata>
