<?xml version="1.0" encoding="UTF-8"?>
<metadata xml:lang="en"><Esri><CreaDate>20150119</CreaDate><CreaTime>13133800</CreaTime><SyncOnce>TRUE</SyncOnce><DataProperties><lineage><Process ToolSource="c:\program files (x86)\arcgis\desktop10.0\ArcToolbox\Toolboxes\Spatial Analyst Tools.tbx\ExtractMultiValuesToPoints" Date="20140123" Time="160450">ExtractMultiValuesToPoints "Dugong sightings" "convalgda94 convalgda9;gbr100 gbr100" NONE</Process><Process ToolSource="c:\program files (x86)\arcgis\desktop10.0\ArcToolbox\Toolboxes\Spatial Analyst Tools.tbx\ExtractMultiValuesToPoints" Date="20140123" Time="160605">ExtractMultiValuesToPoints "Dugong sightings" "gbr100 gbr100" NONE</Process><Process ToolSource="c:\program files (x86)\arcgis\desktop10.0\ArcToolbox\Toolboxes\Spatial Analyst Tools.tbx\ExtractMultiValuesToPoints" Date="20140123" Time="160829">ExtractMultiValuesToPoints DUG_NGBR_2013Nov "gbr100 gbr100" NONE</Process><Process ToolSource="c:\program files (x86)\arcgis\desktop10.0\ArcToolbox\Toolboxes\Spatial Analyst Tools.tbx\ExtractMultiValuesToPoints" Date="20140123" Time="160948">ExtractMultiValuesToPoints DUG_NGBR_2013Nov "gbr100 gbr100" NONE</Process><Process ToolSource="c:\program files (x86)\arcgis\desktop10.0\ArcToolbox\Toolboxes\Spatial Analyst Tools.tbx\ExtractMultiValuesToPoints" Date="20140123" Time="161530">ExtractMultiValuesToPoints DUG_NGBR_2013Nov "gop100m gop100m" NONE</Process><Process ToolSource="c:\program files (x86)\arcgis\desktop10.0\ArcToolbox\Toolboxes\Spatial Analyst Tools.tbx\ExtractMultiValuesToPoints" Date="20140123" Time="161722">ExtractMultiValuesToPoints DUG_NGBR_2013Nov "gbr100 gbr100" NONE</Process><Process ToolSource="c:\program files (x86)\arcgis\desktop10.0\ArcToolbox\Toolboxes\Spatial Analyst Tools.tbx\ExtractMultiValuesToPoints" Date="20140124" Time="140911">ExtractMultiValuesToPoints "Dugong sightings" "gbr100 gbr100_1" NONE</Process><Process ToolSource="c:\program files (x86)\arcgis\desktop10.0\ArcToolbox\Toolboxes\Spatial Analyst Tools.tbx\ExtractMultiValuesToPoints" Date="20140124" Time="142855">ExtractMultiValuesToPoints "Dugong sightings" "gbr100_UTM55 gbr100_UTM" NONE</Process></lineage><itemProps><itemLocation><linkage Sync="TRUE">file://\\6QFYKV1\C$\SS_data\dugong\AMMC_dugong_database\Susan's Summary\nGBR\GIS files\DUG_NGBR_2013Nov</linkage><protocol Sync="TRUE">Local Area Network</protocol></itemLocation></itemProps><copyHistory><copy source="C:\SS_data\dugong\nGBR_TS2013\analyses\DUG_NGBR_2013Nov" dest="\\6QFYKV1\C$\SS_data\dugong\AMMC_dugong_database\Susan's Summary\nGBR\GIS files\DUG_NGBR_2013Nov" date="20150119" time="13133800"></copy></copyHistory></DataProperties></Esri></metadata>
