<?xml version="1.0" encoding="UTF-8"?>
<metadata xml:lang="en"><Esri><CreaDate>20140821</CreaDate><CreaTime>16072400</CreaTime><SyncOnce>TRUE</SyncOnce><DataProperties><lineage><Process ToolSource="C:\Program Files\ArcGIS\Desktop10.0\ArcToolbox\Toolboxes\Spatial Analyst Tools.tbx\ExtractMultiValuesToPoints" Date="20120125" Time="140436">ExtractMultiValuesToPoints Dug_HB_Nov2011 "gbr100 gbr100" NONE</Process></lineage><itemProps><itemLocation><linkage Sync="TRUE">file://\\6QFYKV1\C$\SS_data\dugong\AMMC_dugong_database\Susan's Summary\Hervey Bay\GIS_files\Dug_HB_Nov2011</linkage><protocol Sync="TRUE">Local Area Network</protocol></itemLocation></itemProps><copyHistory><copy source="C:\SS_data\dugong\ADugong_Aerial_Survey_Database\Hervey Bay\2011\GIS_Data\Dug_HB_Nov2011" dest="\\6QFYKV1\C$\SS_data\dugong\AMMC_dugong_database\Susan's Summary\Hervey Bay\GIS_files\Dug_HB_Nov2011" date="20140821" time="16072400"></copy></copyHistory></DataProperties></Esri></metadata>
