<?xml version="1.0" encoding="UTF-8"?>
<metadata xml:lang="en"><Esri><CreaDate>20150427</CreaDate><CreaTime>13335100</CreaTime><SyncOnce>TRUE</SyncOnce><DataProperties><itemProps><itemLocation><linkage Sync="TRUE">file://\\6QFYKV1\C$\SS_data\dugong\AMMC_dugong_database\Susan's Summary\Shark Bay\GIS files\dugongs in trans sb</linkage><protocol Sync="TRUE">Local Area Network</protocol></itemLocation></itemProps><copyHistory><copy source="C:\SS_data\dugong\Archival data\Amanda\Shark Bay &amp; Exmouth 2007\shapefiles\dugongs in trans sb" dest="\\6QFYKV1\C$\SS_data\dugong\AMMC_dugong_database\Susan's Summary\Shark Bay\GIS files\dugongs in trans sb" date="20150427" time="13335100"></copy></copyHistory></DataProperties></Esri></metadata>
