<?xml version="1.0" encoding="UTF-8"?>
<metadata xml:lang="en"><Esri><CreaDate>20170208</CreaDate><CreaTime>11531400</CreaTime><ArcGISFormat>1.0</ArcGISFormat><SyncOnce>TRUE</SyncOnce><DataProperties><lineage><Process ToolSource="c:\program files (x86)\arcgis\desktop10.0\ArcToolbox\Toolboxes\Spatial Analyst Tools.tbx\ExtractMultiValuesToPoints" Date="20170208" Time="115314">ExtractMultiValuesToPoints Dug_sGBR_lat_Long_Bathy2 "gbr100 gbr100" NONE</Process></lineage></DataProperties></Esri></metadata>
