<?xml version="1.0" encoding="UTF-8"?>
<metadata xml:lang="en"><Esri><CreaDate>20240501</CreaDate><CreaTime>15161600</CreaTime><ArcGISFormat>1.0</ArcGISFormat><SyncOnce>TRUE</SyncOnce><DataProperties><itemProps><itemLocation><linkage Sync="TRUE">file://\\G3R9XR3\C$\Users\jc235869\OneDrive - James Cook University\Documents\CHRISTOPHE-CLEGUER\DUGONG AERIAL SURVEY\SCRIPT-DEVELOPMENT\DEVELOPMENT\nGBR_2018-2019\R\OUTPUT\DATABASE\DB_UPLOADED\DUG_SGBR_2018Nov</linkage><protocol Sync="TRUE">Local Area Network</protocol></itemLocation></itemProps><copyHistory><copy source="C:\Users\jc235869\OneDrive - James Cook University\Documents\CHRISTOPHE-CLEGUER\DUGONG AERIAL SURVEY\SCRIPT-DEVELOPMENT\DEVELOPMENT\nGBR_2018-2019\R\OUTPUT\DATABASE\ARCGIS OUTPUT\DUG_SGBR_2018Nov" dest="\\G3R9XR3\C$\Users\jc235869\OneDrive - James Cook University\Documents\CHRISTOPHE-CLEGUER\DUGONG AERIAL SURVEY\SCRIPT-DEVELOPMENT\DEVELOPMENT\nGBR_2018-2019\R\OUTPUT\DATABASE\DB_UPLOADED\DUG_SGBR_2018Nov" date="20240501" time="15161600"></copy></copyHistory></DataProperties></Esri></metadata>
