<?xml version="1.0" encoding="UTF-8"?>
<metadata xml:lang="en"><Esri><CreaDate>20210113</CreaDate><CreaTime>15422100</CreaTime><ArcGISFormat>1.0</ArcGISFormat><SyncOnce>FALSE</SyncOnce><DataProperties><lineage><Process ToolSource="c:\program files (x86)\arcgis\desktop10.7\ArcToolbox\Toolboxes\Data Management Tools.tbx\PointsToLine" Date="20200204" Time="144620">PointsToLine 3250p D:\Current\Current_Projects\DugongSurveys2018\PoTL\DataFeb2020\JuneTransects\3250L.shp # # NO_CLOSE</Process><Process ToolSource="c:\program files (x86)\arcgis\desktop10.7\ArcToolbox\Toolboxes\Data Management Tools.tbx\Merge" Date="20200204" Time="145338">Merge D:\Current\Current_Projects\DugongSurveys2018\PoTL\DataFeb2020\JuneTransects\3250L.shp;D:\Current\Current_Projects\DugongSurveys2018\PoTL\DataFeb2020\JuneTransects\3251L.shp;D:\Current\Current_Projects\DugongSurveys2018\PoTL\DataFeb2020\JuneTransects\3252L.shp;D:\Current\Current_Projects\DugongSurveys2018\PoTL\DataFeb2020\JuneTransects\3253L.shp;D:\Current\Current_Projects\DugongSurveys2018\PoTL\DataFeb2020\JuneTransects\3254L.shp;D:\Current\Current_Projects\DugongSurveys2018\PoTL\DataFeb2020\JuneTransects\3255L.shp;D:\Current\Current_Projects\DugongSurveys2018\PoTL\DataFeb2020\JuneTransects\3261L.shp;D:\Current\Current_Projects\DugongSurveys2018\PoTL\DataFeb2020\JuneTransects\3260L.shp;D:\Current\Current_Projects\DugongSurveys2018\PoTL\DataFeb2020\JuneTransects\3256L.shp;D:\Current\Current_Projects\DugongSurveys2018\PoTL\DataFeb2020\JuneTransects\3262L.shp;D:\Current\Current_Projects\DugongSurveys2018\PoTL\DataFeb2020\JuneTransects\3263L.shp;D:\Current\Current_Projects\DugongSurveys2018\PoTL\DataFeb2020\JuneTransects\3264L.shp;D:\Current\Current_Projects\DugongSurveys2018\PoTL\DataFeb2020\JuneTransects\3271L.shp;D:\Current\Current_Projects\DugongSurveys2018\PoTL\DataFeb2020\JuneTransects\3272L.shp;D:\Current\Current_Projects\DugongSurveys2018\PoTL\DataFeb2020\JuneTransects\3270L.shp;D:\Current\Current_Projects\DugongSurveys2018\PoTL\DataFeb2020\JuneTransects\3269L.shp;D:\Current\Current_Projects\DugongSurveys2018\PoTL\DataFeb2020\JuneTransects\3268L.shp;D:\Current\Current_Projects\DugongSurveys2018\PoTL\DataFeb2020\JuneTransects\3265L.shp;D:\Current\Current_Projects\DugongSurveys2018\PoTL\DataFeb2020\JuneTransects\3266L.shp;D:\Current\Current_Projects\DugongSurveys2018\PoTL\DataFeb2020\JuneTransects\3267L.shp D:\Current\Current_Projects\DugongSurveys2018\PoTL\DataFeb2020\NovemberTransects\PoTL_Transects_June19.shp "Id "Id" true true false 6 Long 0 6 ,First,#,D:\Current\Current_Projects\DugongSurveys2018\PoTL\DataFeb2020\JuneTransects\3250L.shp,Id,-1,-1,D:\Current\Current_Projects\DugongSurveys2018\PoTL\DataFeb2020\JuneTransects\3251L.shp,Id,-1,-1,D:\Current\Current_Projects\DugongSurveys2018\PoTL\DataFeb2020\JuneTransects\3252L.shp,Id,-1,-1,D:\Current\Current_Projects\DugongSurveys2018\PoTL\DataFeb2020\JuneTransects\3253L.shp,Id,-1,-1,D:\Current\Current_Projects\DugongSurveys2018\PoTL\DataFeb2020\JuneTransects\3254L.shp,Id,-1,-1,D:\Current\Current_Projects\DugongSurveys2018\PoTL\DataFeb2020\JuneTransects\3255L.shp,Id,-1,-1,D:\Current\Current_Projects\DugongSurveys2018\PoTL\DataFeb2020\JuneTransects\3261L.shp,Id,-1,-1,D:\Current\Current_Projects\DugongSurveys2018\PoTL\DataFeb2020\JuneTransects\3260L.shp,Id,-1,-1,D:\Current\Current_Projects\DugongSurveys2018\PoTL\DataFeb2020\JuneTransects\3256L.shp,Id,-1,-1,D:\Current\Current_Projects\DugongSurveys2018\PoTL\DataFeb2020\JuneTransects\3262L.shp,Id,-1,-1,D:\Current\Current_Projects\DugongSurveys2018\PoTL\DataFeb2020\JuneTransects\3263L.shp,Id,-1,-1,D:\Current\Current_Projects\DugongSurveys2018\PoTL\DataFeb2020\JuneTransects\3264L.shp,Id,-1,-1,D:\Current\Current_Projects\DugongSurveys2018\PoTL\DataFeb2020\JuneTransects\3271L.shp,Id,-1,-1,D:\Current\Current_Projects\DugongSurveys2018\PoTL\DataFeb2020\JuneTransects\3272L.shp,Id,-1,-1,D:\Current\Current_Projects\DugongSurveys2018\PoTL\DataFeb2020\JuneTransects\3270L.shp,Id,-1,-1,D:\Current\Current_Projects\DugongSurveys2018\PoTL\DataFeb2020\JuneTransects\3269L.shp,Id,-1,-1,D:\Current\Current_Projects\DugongSurveys2018\PoTL\DataFeb2020\JuneTransects\3268L.shp,Id,-1,-1,D:\Current\Current_Projects\DugongSurveys2018\PoTL\DataFeb2020\JuneTransects\3265L.shp,Id,-1,-1,D:\Current\Current_Projects\DugongSurveys2018\PoTL\DataFeb2020\JuneTransects\3266L.shp,Id,-1,-1,D:\Current\Current_Projects\DugongSurveys2018\PoTL\DataFeb2020\JuneTransects\3267L.shp,Id,-1,-1"</Process></lineage><itemProps><itemName Sync="TRUE">PoTL_Transects_June19</itemName><imsContentType Sync="TRUE">002</imsContentType><itemSize Sync="TRUE">0.000</itemSize><itemLocation><linkage Sync="TRUE">file://\\6QFYKV1\C$\SS_data\dugong\AMMC_dugong_database\files_2b_uploaded2021\TRN_SGBR_2019Jun</linkage><protocol Sync="TRUE">Local Area Network</protocol></itemLocation></itemProps><copyHistory><copy source="C:\SS_data\dugong\AMMC_dugong_database\Susan's Summary\sGBR\GIS files\TRN_SGBR_2019Jun" dest="\\6QFYKV1\C$\SS_data\dugong\AMMC_dugong_database\files_2b_uploaded2021\TRN_SGBR_2019Jun" date="20210113" time="15422100"></copy></copyHistory></DataProperties><SyncDate>20200204</SyncDate><SyncTime>14533600</SyncTime><ModDate>20200204</ModDate><ModTime>14533600</ModTime></Esri><dataIdInfo><envirDesc Sync="TRUE"> Version 6.2 (Build 9200) ; Esri ArcGIS 10.7.0.10450</envirDesc><dataLang><languageCode value="eng" Sync="TRUE"></languageCode><countryCode value="AUS" Sync="TRUE"></countryCode></dataLang><idCitation><resTitle Sync="TRUE">PoTL_Transects_June19</resTitle><presForm><PresFormCd value="005" Sync="TRUE"></PresFormCd></presForm></idCitation><spatRpType><SpatRepTypCd value="001" Sync="TRUE"></SpatRepTypCd></spatRpType></dataIdInfo><mdLang><languageCode value="eng" Sync="TRUE"></languageCode><countryCode value="AUS" Sync="TRUE"></countryCode></mdLang><mdChar><CharSetCd value="004" Sync="TRUE"></CharSetCd></mdChar><distInfo><distFormat><formatName Sync="TRUE">Shapefile</formatName></distFormat><distTranOps><transSize Sync="TRUE">0.000</transSize></distTranOps></distInfo><mdHrLv><ScopeCd value="005" Sync="TRUE"></ScopeCd></mdHrLv><mdHrLvName Sync="TRUE">dataset</mdHrLvName><spatRepInfo><VectSpatRep><geometObjs Name="PoTL_Transects_June19"><geoObjTyp><GeoObjTypCd value="002" Sync="TRUE"></GeoObjTypCd></geoObjTyp><geoObjCnt Sync="TRUE">0</geoObjCnt></geometObjs><topLvl><TopoLevCd value="001" Sync="TRUE"></TopoLevCd></topLvl></VectSpatRep></spatRepInfo><spdoinfo><ptvctinf><esriterm Name="PoTL_Transects_June19"><efeatyp Sync="TRUE">Simple</efeatyp><efeageom code="3" Sync="TRUE"></efeageom><esritopo Sync="TRUE">FALSE</esritopo><efeacnt Sync="TRUE">0</efeacnt><spindex Sync="TRUE">FALSE</spindex><linrefer Sync="TRUE">FALSE</linrefer></esriterm></ptvctinf></spdoinfo><eainfo><detailed Name="PoTL_Transects_June19"><enttyp><enttypl Sync="TRUE">PoTL_Transects_June19</enttypl><enttypt Sync="TRUE">Feature Class</enttypt><enttypc Sync="TRUE">0</enttypc></enttyp><attr><attrlabl Sync="TRUE">FID</attrlabl><attalias Sync="TRUE">FID</attalias><attrtype Sync="TRUE">OID</attrtype><attwidth Sync="TRUE">4</attwidth><atprecis Sync="TRUE">0</atprecis><attscale Sync="TRUE">0</attscale><attrdef Sync="TRUE">Internal feature number.</attrdef><attrdefs Sync="TRUE">Esri</attrdefs><attrdomv><udom Sync="TRUE">Sequential unique whole numbers that are automatically generated.</udom></attrdomv></attr><attr><attrlabl Sync="TRUE">Shape</attrlabl><attalias Sync="TRUE">Shape</attalias><attrtype Sync="TRUE">Geometry</attrtype><attwidth Sync="TRUE">0</attwidth><atprecis Sync="TRUE">0</atprecis><attscale Sync="TRUE">0</attscale><attrdef Sync="TRUE">Feature geometry.</attrdef><attrdefs Sync="TRUE">Esri</attrdefs><attrdomv><udom Sync="TRUE">Coordinates defining the features.</udom></attrdomv></attr><attr><attrlabl Sync="TRUE">Id</attrlabl><attalias Sync="TRUE">Id</attalias><attrtype Sync="TRUE">Integer</attrtype><attwidth Sync="TRUE">6</attwidth><atprecis Sync="TRUE">6</atprecis><attscale Sync="TRUE">0</attscale></attr></detailed></eainfo><mdDateSt Sync="TRUE">20200204</mdDateSt></metadata>
