<?xml version="1.0" encoding="UTF-8"?>
<metadata xml:lang="en"><Esri><CreaDate>20140825</CreaDate><CreaTime>14171600</CreaTime><SyncOnce>TRUE</SyncOnce><DataProperties><lineage><Process ToolSource="C:\Program Files\ArcGIS\Desktop10.0\ArcToolbox\Toolboxes\Spatial Analyst Tools.tbx\ExtractMultiValuesToPoints" Date="20120125" Time="140323">ExtractMultiValuesToPoints Dug_MB_Nov2011 "gbr100 gbr100" NONE</Process></lineage><itemProps><itemLocation><linkage Sync="TRUE">file://\\6QFYKV1\C$\SS_data\dugong\AMMC_dugong_database\Susan's Summary\Moreton Bay\GIS_files\Dug_MB_Nov2011Copy</linkage><protocol Sync="TRUE">Local Area Network</protocol></itemLocation></itemProps><copyHistory><copy source="C:\SS_data\dugong\ADugong_Aerial_Survey_Database\Moreton Bay\2011\GIS_Data\Dug_MB_Nov2011" dest="\\6QFYKV1\C$\SS_data\dugong\AMMC_dugong_database\Susan's Summary\Moreton Bay\GIS_files\Dug_MB_Nov2011Copy" date="20140825" time="14171600"></copy></copyHistory></DataProperties></Esri></metadata>
