<?xml version="1.0" encoding="UTF-8"?>
<metadata xml:lang="en"><Esri><CreaDate>20140826</CreaDate><CreaTime>11393700</CreaTime><SyncOnce>TRUE</SyncOnce><DataProperties><lineage><Process ToolSource="c:\program files (x86)\arcgis\desktop10.0\ArcToolbox\Toolboxes\Spatial Analyst Tools.tbx\ExtractMultiValuesToPoints" Date="20130723" Time="161445">ExtractMultiValuesToPoints DUG_MB_2013_July "gbr100 gbr100" NONE</Process></lineage><itemProps><itemLocation><linkage Sync="TRUE">file://\\6QFYKV1\C$\SS_data\dugong\AMMC_dugong_database\Susan's Summary\Moreton Bay\GIS_files\DUG_MB_2013_July</linkage><protocol Sync="TRUE">Local Area Network</protocol></itemLocation></itemProps><copyHistory><copy source="C:\SS_data\dugong\ADugong_Aerial_Survey_Database\Moreton Bay\2013\GIS_Data\DUG_MB_2013_July" dest="\\6QFYKV1\C$\SS_data\dugong\AMMC_dugong_database\Susan's Summary\Moreton Bay\GIS_files\DUG_MB_2013_July" date="20140826" time="11393700"></copy></copyHistory></DataProperties></Esri></metadata>
