<?xml version="1.0" encoding="UTF-8"?>
<metadata xml:lang="en"><Esri><CreaDate>20150414</CreaDate><CreaTime>15233100</CreaTime><SyncOnce>TRUE</SyncOnce><DataProperties><itemProps><itemLocation><linkage Sync="TRUE">file://\\6QFYKV1\C$\SS_data\dugong\AMMC_dugong_database\Susan's Summary\Exmouth\GIS_files\exmouth blocks polygons2</linkage><protocol Sync="TRUE">Local Area Network</protocol></itemLocation></itemProps><copyHistory><copy source="C:\SS_data\dugong\Archival data\Amanda\Shark Bay &amp; Exmouth 2007\shapefiles\exmouth blocks polygons2" dest="\\6QFYKV1\C$\SS_data\dugong\AMMC_dugong_database\Susan's Summary\Exmouth\GIS_files\exmouth blocks polygons2" date="20150414" time="15233100"></copy></copyHistory></DataProperties></Esri></metadata>
