<?xml version="1.0" encoding="UTF-8"?>
<metadata xml:lang="en"><Esri><CreaDate>20150422</CreaDate><CreaTime>11372400</CreaTime><SyncOnce>TRUE</SyncOnce><DataProperties><itemProps><itemLocation><linkage Sync="TRUE">file://\\6QFYKV1\C$\SS_data\dugong\AMMC_dugong_database\Susan's Summary\Exmouth\GIS_files\dugongs in trans eg and hr</linkage><protocol Sync="TRUE">Local Area Network</protocol></itemLocation></itemProps><copyHistory><copy source="C:\SS_data\dugong\Archival data\Amanda\Shark Bay &amp; Exmouth 2007\shapefiles\dugongs in trans eg and hr" dest="\\6QFYKV1\C$\SS_data\dugong\AMMC_dugong_database\Susan's Summary\Exmouth\GIS_files\dugongs in trans eg and hr" date="20150422" time="11372400"></copy></copyHistory></DataProperties></Esri></metadata>
