<?xml version="1.0"?>
<!--<!DOCTYPE metadata SYSTEM "http://www.esri.com/metadata/esriprof80.dtd">-->
<metadata xml:lang="en"><Esri><CreaDate>20140814</CreaDate><CreaTime>11072100</CreaTime><SyncOnce>FALSE</SyncOnce><SyncDate>20080625</SyncDate><SyncTime>12144300</SyncTime><ModDate>20080625</ModDate><ModTime>12144300</ModTime><DataProperties><lineage><Process Name="Merge_10" ToolSource="C:\Program Files\ArcGIS\ArcToolbox\Toolboxes\Data Management Tools.tbx\Merge" Date="20080625" Time="103334">Merge 'DUG SGBR\DUG_SGBR_Nov05bis';'DUG SGBR\DUG_SGBR_Nov05';'DUG SGBR\DUG_SGBR_05' "C:\Documents and Settings\SEES\Desktop\Database\Tables\Table 2005  - Work\Shapefiles\Used\DUG_SGBR.shp" "DATE_ DATE_ true true false 8 Date 0 0 ,First,#,DUG SGBR\DUG_SGBR_Nov05bis,DATE_,-1,-1,DUG SGBR\DUG_SGBR_05,DATE_,-1,-1;CATEGORY CATEGORY true false false 11 Text 0 0 ,First,#,DUG SGBR\DUG_SGBR_Nov05bis,CATEGORY,-1,-1,DUG SGBR\DUG_SGBR_Nov05,CATEGORY,-1,-1,DUG SGBR\DUG_SGBR_05,CATEGORY,-1,-1;TRANSECT TRANSECT true false false 11 Double 0 11 ,First,#,DUG SGBR\DUG_SGBR_Nov05bis,TRANSECT,-1,-1,DUG SGBR\DUG_SGBR_Nov05,TRANSECT,-1,-1,DUG SGBR\DUG_SGBR_05,TRANSECT,-1,-1;DIRECTION DIRECTION true false false 14 Text 0 0 ,First,#,DUG SGBR\DUG_SGBR_Nov05bis,DIRECTION,-1,-1,DUG SGBR\DUG_SGBR_Nov05,DIRECTION,-1,-1,DUG SGBR\DUG_SGBR_05,DIRECTION,-1,-1;OBSERVER OBSERVER true false false 11 Text 0 0 ,First,#,DUG SGBR\DUG_SGBR_Nov05bis,OBSERVER,-1,-1,DUG SGBR\DUG_SGBR_Nov05,OBSERVER,-1,-1;SIDE_PLANE SIDE_PLANE true false false 12 Text 0 0 ,First,#,DUG SGBR\DUG_SGBR_Nov05bis,SIDE_PLANE,-1,-1,DUG SGBR\DUG_SGBR_Nov05,SIDE_PLANE,-1,-1;NUMBER NUMBER true false false 9 Long 0 9 ,First,#,DUG SGBR\DUG_SGBR_Nov05bis,NUMBER,-1,-1;SURFACE SURFACE true false false 9 Long 0 9 ,First,#,DUG SGBR\DUG_SGBR_Nov05bis,SURFACE,-1,-1,DUG SGBR\DUG_SGBR_Nov05,SURFACE,-1,-1,DUG SGBR\DUG_SGBR_05,SURFACE,-1,-1;POSITION POSITION true false false 10 Text 0 0 ,First,#,DUG SGBR\DUG_SGBR_Nov05bis,POSITION,-1,-1,DUG SGBR\DUG_SGBR_Nov05,POSITION,-1,-1,DUG SGBR\DUG_SGBR_05,POSITION,-1,-1;CALVES CALVES true false false 8 Text 0 0 ,First,#,DUG SGBR\DUG_SGBR_Nov05bis,CALVES,-1,-1,DUG SGBR\DUG_SGBR_Nov05,CALVES,-1,-1,DUG SGBR\DUG_SGBR_05,CALVES,-1,-1;SPECIES SPECIES true false false 13 Text 0 0 ,First,#,DUG SGBR\DUG_SGBR_Nov05bis,SPECIES,-1,-1;CERTAINTY CERTAINTY true false false 11 Text 0 0 ,First,#,DUG SGBR\DUG_SGBR_Nov05bis,CERTAINTY,-1,-1;TURBIDITY TURBIDITY true false false 10 Double 0 10 ,First,#,DUG SGBR\DUG_SGBR_Nov05bis,TURBIDITY,-1,-1,DUG SGBR\DUG_SGBR_Nov05,TURBIDITY,-1,-1,DUG SGBR\DUG_SGBR_05,TURBIDITY,-1,-1;LATITUDE LATITUDE true false false 19 Double 5 18 ,First,#,DUG SGBR\DUG_SGBR_Nov05bis,LATITUDE,-1,-1,DUG SGBR\DUG_SGBR_Nov05,LATITUDE,-1,-1,DUG SGBR\DUG_SGBR_05,LATITUDE,-1,-1;LONGITUDE LONGITUDE true false false 19 Double 5 18 ,First,#,DUG SGBR\DUG_SGBR_Nov05bis,LONGITUDE,-1,-1,DUG SGBR\DUG_SGBR_Nov05,LONGITUDE,-1,-1,DUG SGBR\DUG_SGBR_05,LONGITUDE,-1,-1;ID ID true false false 9 Long 0 9 ,First,#,DUG SGBR\DUG_SGBR_Nov05,ID,-1,-1,DUG SGBR\DUG_SGBR_05,ID,-1,-1;TOTAL TOTAL true false false 16 Double 0 16 ,First,#,DUG SGBR\DUG_SGBR_Nov05,TOTAL,-1,-1;DUG_NUMBER DUG_NUMBER true false false 4 Short 0 4 ,First,#,DUG SGBR\DUG_SGBR_Nov05,DUG_NUMBER,-1,-1,DUG SGBR\DUG_SGBR_05,DUG_NUMBER,-1,-1;BREAK BREAK true false false 4 Short 0 4 ,First,#,DUG SGBR\DUG_SGBR_Nov05,BREAK,-1,-1"</Process></lineage><itemProps><itemLocation><linkage Sync="TRUE">file://\\6QFYKV1\C$\SS_data\dugong\AMMC_dugong_database\Susan's Summary\sGBR\GIS files\DUG_SGBR_2005Nov</linkage><protocol Sync="TRUE">Local Area Network</protocol></itemLocation></itemProps><copyHistory><copy source="C:\SS_data\dugong\ADugong_Aerial_Survey_Database\Southern Great Barrier Reef\2005\GIS Data\DUG_SGBR_2005Nov" dest="\\6QFYKV1\C$\SS_data\dugong\AMMC_dugong_database\Susan's Summary\sGBR\GIS files\DUG_SGBR_2005Nov" date="20140814" time="11072100"></copy></copyHistory></DataProperties></Esri><idinfo><citation><citeinfo><onlink Sync="TRUE">\\JOYBOOK\C$\Documents and Settings\SEES\Desktop\Database\Database - Work\Database\GDA94\Southern Great Barrier Reef\2005\GIS_Data\DUG_SGBR_Nov05</onlink><origin>REQUIRED: The name of an organization or individual that developed the data set.</origin><pubdate>REQUIRED: The date when the data set is published or otherwise made available for release.</pubdate><title Sync="TRUE">DUG_SGBR_Nov05</title><ftname Sync="TRUE">DUG_SGBR_Nov05</ftname><geoform Sync="TRUE">vector digital data</geoform></citeinfo></citation><native Sync="TRUE">Microsoft Windows XP Version 5.1 (Build 2600) Service Pack 2; ESRI ArcCatalog 9.2.2.1350</native><descript><langdata Sync="TRUE">en</langdata><abstract>REQUIRED: A brief narrative summary of the data set.</abstract><purpose>REQUIRED: A summary of the intentions with which the data set was developed.</purpose></descript><timeperd><current>REQUIRED: The basis on which the time period of content information is determined.</current><timeinfo><sngdate><caldate>REQUIRED: The year (and optionally month, or month and day) for which the data set corresponds to the ground.</caldate></sngdate></timeinfo></timeperd><status><progress>REQUIRED: The state of the data set.</progress><update>REQUIRED: The frequency with which changes and additions are made to the data set after the initial data set is completed.</update></status><spdom><bounding><westbc Sync="TRUE">145.464095</westbc><eastbc Sync="TRUE">152.116403</eastbc><northbc Sync="TRUE">-15.664146</northbc><southbc Sync="TRUE">-24.331798</southbc></bounding><lboundng><leftbc Sync="TRUE">145.464095</leftbc><rightbc Sync="TRUE">152.116403</rightbc><bottombc Sync="TRUE">-24.331798</bottombc><topbc Sync="TRUE">-15.664146</topbc></lboundng></spdom><keywords><theme><themekt>REQUIRED: Reference to a formally registered thesaurus or a similar authoritative source of theme keywords.</themekt><themekey>REQUIRED: Common-use word or phrase used to describe the subject of the data set.</themekey></theme></keywords><accconst>REQUIRED: Restrictions and legal prerequisites for accessing the data set.</accconst><useconst>REQUIRED: Restrictions and legal prerequisites for using the data set after access is granted.</useconst><natvform Sync="TRUE">Shapefile</natvform></idinfo><distInfo><distributor><distorTran><onLineSrc><linkage Sync="TRUE">file://\\JOYBOOK\C$\Documents and Settings\SEES\Desktop\Database\Database - Work\Database\GDA94\Southern Great Barrier Reef\2005\GIS_Data\DUG_SGBR_Nov05</linkage><protocol Sync="TRUE">Local Area Network</protocol><orDesc Sync="TRUE">002</orDesc></onLineSrc><transSize Sync="TRUE">0.004</transSize></distorTran><distorFormat><formatName Sync="TRUE">Shapefile</formatName></distorFormat></distributor></distInfo><dataqual><lineage><procstep><procdesc Sync="TRUE">Dataset moved.</procdesc><srcused Sync="TRUE">C:\Documents and Settings\SEES\Desktop\Database\Tables\Table 2005  - Work\Shapefiles\CET_SGBR_Nov05</srcused><date Sync="TRUE">20080624</date><time Sync="TRUE">09101400</time></procstep><procstep><procdesc Sync="TRUE">Dataset copied.</procdesc><srcused Sync="TRUE"></srcused><date Sync="TRUE">20080624</date><time Sync="TRUE">09225300</time></procstep><procstep><procdesc Sync="TRUE">Dataset copied.</procdesc><srcused Sync="TRUE">C:\Documents and Settings\SEES\Desktop\Database\Database - Work\Tables\Table 2005 - Work\Shapefiles\GDA\DUG_SGBR_Nov05</srcused><date Sync="TRUE">20080715</date><time Sync="TRUE">13470400</time></procstep></lineage></dataqual><dataIdInfo><envirDesc Sync="TRUE">Microsoft Windows XP Version 5.1 (Build 2600) Service Pack 2; ESRI ArcCatalog 9.2.2.1350</envirDesc><dataLang><languageCode Sync="TRUE" value="en"></languageCode></dataLang><idCitation><resTitle Sync="TRUE">DUG_SGBR_Nov05</resTitle><presForm><PresFormCd Sync="TRUE" value="005"></PresFormCd></presForm></idCitation><spatRpType><SpatRepTypCd Sync="TRUE" value="001"></SpatRepTypCd></spatRpType><dataExt><geoEle><GeoBndBox esriExtentType="native"><westBL Sync="TRUE">145.464095</westBL><eastBL Sync="TRUE">152.116403</eastBL><northBL Sync="TRUE">-15.664146</northBL><southBL Sync="TRUE">-24.331798</southBL><exTypeCode Sync="TRUE">1</exTypeCode></GeoBndBox></geoEle></dataExt><geoBox esriExtentType="decdegrees"><westBL Sync="TRUE">145.464095</westBL><eastBL Sync="TRUE">152.116403</eastBL><northBL Sync="TRUE">-15.664146</northBL><southBL Sync="TRUE">-24.331798</southBL><exTypeCode Sync="TRUE">1</exTypeCode></geoBox></dataIdInfo><metainfo><langmeta Sync="TRUE">en</langmeta><metstdn Sync="TRUE">FGDC Content Standards for Digital Geospatial Metadata</metstdn><metstdv Sync="TRUE">FGDC-STD-001-1998</metstdv><mettc Sync="TRUE">local time</mettc><metc><cntinfo><cntorgp><cntper>REQUIRED: The person responsible for the metadata information.</cntper><cntorg>REQUIRED: The organization responsible for the metadata information.</cntorg></cntorgp><cntaddr><addrtype>REQUIRED: The mailing and/or physical address for the organization or individual.</addrtype><city>REQUIRED: The city of the address.</city><state>REQUIRED: The state or province of the address.</state><postal>REQUIRED: The ZIP or other postal code of the address.</postal></cntaddr><cntvoice>REQUIRED: The telephone number by which individuals can speak to the organization or individual.</cntvoice></cntinfo></metc><metd Sync="TRUE">20080625</metd><metextns><onlink Sync="TRUE">http://www.esri.com/metadata/esriprof80.html</onlink><metprof Sync="TRUE">ESRI Metadata Profile</metprof></metextns></metainfo><mdLang><languageCode Sync="TRUE" value="en"></languageCode></mdLang><mdStanName Sync="TRUE">ISO 19115 Geographic Information - Metadata</mdStanName><mdStanVer Sync="TRUE">DIS_ESRI1.0</mdStanVer><mdChar><CharSetCd Sync="TRUE" value="004"></CharSetCd></mdChar><mdHrLv><ScopeCd Sync="TRUE" value="005"></ScopeCd></mdHrLv><mdHrLvName Sync="TRUE">dataset</mdHrLvName><distinfo><resdesc Sync="TRUE">Downloadable Data</resdesc><stdorder><digform><digtinfo><transize Sync="TRUE">0.004</transize><dssize Sync="TRUE">0.004</dssize></digtinfo></digform></stdorder></distinfo><spdoinfo><direct Sync="TRUE">Vector</direct><ptvctinf><esriterm Name="DUG_SGBR_Nov05"><efeatyp Sync="TRUE">Simple</efeatyp><efeageom Sync="TRUE">Point</efeageom><esritopo Sync="TRUE">FALSE</esritopo><efeacnt Sync="TRUE">142</efeacnt><spindex Sync="TRUE">TRUE</spindex><linrefer Sync="TRUE">FALSE</linrefer></esriterm><sdtsterm Name="DUG_SGBR_Nov05"><sdtstype Sync="TRUE">Entity point</sdtstype><ptvctcnt Sync="TRUE">142</ptvctcnt></sdtsterm></ptvctinf></spdoinfo><spref><horizsys><cordsysn><geogcsn Sync="TRUE">GCS_GDA_1994</geogcsn></cordsysn><geograph><geogunit Sync="TRUE">Decimal degrees</geogunit><latres Sync="TRUE">0.000000</latres><longres Sync="TRUE">0.000000</longres></geograph><geodetic><horizdn Sync="TRUE">D_GDA_1994</horizdn><ellips Sync="TRUE">Geodetic Reference System 80</ellips><semiaxis Sync="TRUE">6378137.000000</semiaxis><denflat Sync="TRUE">298.257222</denflat></geodetic></horizsys></spref><refSysInfo><RefSystem><refSysID><identCode Sync="TRUE">GCS_GDA_1994</identCode></refSysID></RefSystem></refSysInfo><spatRepInfo><VectSpatRep><topLvl><TopoLevCd Sync="TRUE" value="001"></TopoLevCd></topLvl><geometObjs Name="DUG_SGBR_Nov05"><geoObjTyp><GeoObjTypCd Sync="TRUE" value="004"></GeoObjTypCd></geoObjTyp><geoObjCnt Sync="TRUE">142</geoObjCnt></geometObjs></VectSpatRep></spatRepInfo><eainfo><detailed Name="DUG_SGBR_Nov05"><enttyp><enttypl Sync="TRUE">DUG_SGBR_Nov05</enttypl><enttypt Sync="TRUE">Feature Class</enttypt><enttypc Sync="TRUE">142</enttypc></enttyp><attr><attrlabl Sync="TRUE">FID</attrlabl><attalias Sync="TRUE">FID</attalias><attrtype Sync="TRUE">OID</attrtype><attwidth Sync="TRUE">4</attwidth><atprecis Sync="TRUE">0</atprecis><attscale Sync="TRUE">0</attscale><attrdef Sync="TRUE">Internal feature number.</attrdef><attrdefs Sync="TRUE">ESRI</attrdefs><attrdomv><udom Sync="TRUE">Sequential unique whole numbers that are automatically generated.</udom></attrdomv></attr><attr><attrlabl Sync="TRUE">Shape</attrlabl><attalias Sync="TRUE">Shape</attalias><attrtype Sync="TRUE">Geometry</attrtype><attwidth Sync="TRUE">0</attwidth><atprecis Sync="TRUE">0</atprecis><attscale Sync="TRUE">0</attscale><attrdef Sync="TRUE">Feature geometry.</attrdef><attrdefs Sync="TRUE">ESRI</attrdefs><attrdomv><udom Sync="TRUE">Coordinates defining the features.</udom></attrdomv></attr><attr><attrlabl Sync="TRUE">DATE_</attrlabl><attalias Sync="TRUE">DATE_</attalias><attrtype Sync="TRUE">Date</attrtype><attwidth Sync="TRUE">8</attwidth></attr><attr><attrlabl Sync="TRUE">CATEGORY</attrlabl><attalias Sync="TRUE">CATEGORY</attalias><attrtype Sync="TRUE">String</attrtype><attwidth Sync="TRUE">11</attwidth></attr><attr><attrlabl Sync="TRUE">TRANSECT</attrlabl><attalias Sync="TRUE">TRANSECT</attalias><attrtype Sync="TRUE">Number</attrtype><attwidth Sync="TRUE">11</attwidth></attr><attr><attrlabl Sync="TRUE">DIRECTION</attrlabl><attalias Sync="TRUE">DIRECTION</attalias><attrtype Sync="TRUE">String</attrtype><attwidth Sync="TRUE">14</attwidth></attr><attr><attrlabl Sync="TRUE">OBSERVER</attrlabl><attalias Sync="TRUE">OBSERVER</attalias><attrtype Sync="TRUE">String</attrtype><attwidth Sync="TRUE">11</attwidth></attr><attr><attrlabl Sync="TRUE">SIDE_PLANE</attrlabl><attalias Sync="TRUE">SIDE_PLANE</attalias><attrtype Sync="TRUE">String</attrtype><attwidth Sync="TRUE">12</attwidth></attr><attr><attrlabl Sync="TRUE">NUMBER</attrlabl><attalias Sync="TRUE">NUMBER</attalias><attrtype Sync="TRUE">Number</attrtype><attwidth Sync="TRUE">9</attwidth></attr><attr><attrlabl Sync="TRUE">SURFACE</attrlabl><attalias Sync="TRUE">SURFACE</attalias><attrtype Sync="TRUE">Number</attrtype><attwidth Sync="TRUE">9</attwidth></attr><attr><attrlabl Sync="TRUE">POSITION</attrlabl><attalias Sync="TRUE">POSITION</attalias><attrtype Sync="TRUE">String</attrtype><attwidth Sync="TRUE">10</attwidth></attr><attr><attrlabl Sync="TRUE">CALVES</attrlabl><attalias Sync="TRUE">CALVES</attalias><attrtype Sync="TRUE">String</attrtype><attwidth Sync="TRUE">8</attwidth></attr><attr><attrlabl Sync="TRUE">SPECIES</attrlabl><attalias Sync="TRUE">SPECIES</attalias><attrtype Sync="TRUE">String</attrtype><attwidth Sync="TRUE">13</attwidth></attr><attr><attrlabl Sync="TRUE">CERTAINTY</attrlabl><attalias Sync="TRUE">CERTAINTY</attalias><attrtype Sync="TRUE">String</attrtype><attwidth Sync="TRUE">11</attwidth></attr><attr><attrlabl Sync="TRUE">TURBIDITY</attrlabl><attalias Sync="TRUE">TURBIDITY</attalias><attrtype Sync="TRUE">Number</attrtype><attwidth Sync="TRUE">10</attwidth></attr><attr><attrlabl Sync="TRUE">LATITUDE</attrlabl><attalias Sync="TRUE">LATITUDE</attalias><attrtype Sync="TRUE">Number</attrtype><attwidth Sync="TRUE">19</attwidth><atnumdec Sync="TRUE">5</atnumdec></attr><attr><attrlabl Sync="TRUE">LONGITUDE</attrlabl><attalias Sync="TRUE">LONGITUDE</attalias><attrtype Sync="TRUE">Number</attrtype><attwidth Sync="TRUE">19</attwidth><atnumdec Sync="TRUE">5</atnumdec></attr><attr><attrlabl Sync="TRUE">ID</attrlabl><attalias Sync="TRUE">ID</attalias><attrtype Sync="TRUE">Number</attrtype><attwidth Sync="TRUE">9</attwidth></attr><attr><attrlabl Sync="TRUE">TOTAL</attrlabl><attalias Sync="TRUE">TOTAL</attalias><attrtype Sync="TRUE">Number</attrtype><attwidth Sync="TRUE">16</attwidth></attr><attr><attrlabl Sync="TRUE">DUG_NUMBER</attrlabl><attalias Sync="TRUE">DUG_NUMBER</attalias><attrtype Sync="TRUE">Number</attrtype><attwidth Sync="TRUE">4</attwidth></attr><attr><attrlabl Sync="TRUE">BREAK</attrlabl><attalias Sync="TRUE">BREAK</attalias><attrtype Sync="TRUE">Number</attrtype><attwidth Sync="TRUE">4</attwidth></attr></detailed></eainfo><mdDateSt Sync="TRUE">20080625</mdDateSt></metadata>
