<?xml version="1.0"?>
<!--<!DOCTYPE metadata SYSTEM "http://www.esri.com/metadata/esriprof80.dtd">-->
<metadata xml:lang="en"><Esri><CreaDate>20141203</CreaDate><CreaTime>16410700</CreaTime><SyncOnce>FALSE</SyncOnce><SyncDate>20080611</SyncDate><SyncTime>15163900</SyncTime><ModDate>20080611</ModDate><ModTime>15163900</ModTime><DataProperties><lineage><Process Name="Merge_1" ToolSource="C:\Program Files\ArcGIS\ArcToolbox\Toolboxes\Data Management Tools.tbx\Merge" Date="20080519" Time="092846">Merge DUG_SGBR1_Sep86;DUG_SGBR2_Sep86;DUG_SGBR_Sep86 "C:\Documents and Settings\SEES\Desktop\Gulf of Carpentaria Work\Work\Shape files\DUG_SGBR0_Sep86.shp" "Id Id true false false 6 Long 0 6 ,First,#,DUG_SGBR1_Sep86,Id,-1,-1,DUG_SGBR2_Sep86,Id,-1,-1,DUG_SGBR_Sep86,Id,-1,-1;DUG_NUMBER DUG_NUMBER true false false 4 Short 0 4 ,First,#,DUG_SGBR1_Sep86,DUG_NUMBER,-1,-1,DUG_SGBR2_Sep86,DUG_NUMBER,-1,-1,DUG_SGBR_Sep86,DUG_NUMBER,-1,-1"</Process></lineage><itemProps><itemLocation><linkage Sync="TRUE">file://\\6QFYKV1\C$\SS_data\dugong\AMMC_dugong_database\Susan's Summary\sGBR\GIS files\DUG_SGBR_1986Sep</linkage><protocol Sync="TRUE">Local Area Network</protocol></itemLocation></itemProps><copyHistory><copy source="C:\SS_data\dugong\ADugong_Aerial_Survey_Database\Southern Great Barrier Reef\1986\GIS Data\DUG_SGBR_1986Sep" dest="\\6QFYKV1\C$\SS_data\dugong\AMMC_dugong_database\Susan's Summary\sGBR\GIS files\DUG_SGBR_1986Sep" date="20141203" time="16410700"></copy></copyHistory></DataProperties></Esri><idinfo><native Sync="TRUE">Microsoft Windows XP Version 5.1 (Build 2600) Service Pack 2; ESRI ArcCatalog 9.2.2.1350</native><descript><langdata Sync="TRUE">en</langdata><abstract>REQUIRED: A brief narrative summary of the data set.</abstract><purpose>REQUIRED: A summary of the intentions with which the data set was developed.</purpose></descript><citation><citeinfo><origin>REQUIRED: The name of an organization or individual that developed the data set.</origin><pubdate>REQUIRED: The date when the data set is published or otherwise made available for release.</pubdate><title Sync="TRUE">DUG_SGBR_Sep86</title><ftname Sync="TRUE">DUG_SGBR_Sep86</ftname><geoform Sync="TRUE">vector digital data</geoform><onlink Sync="TRUE">\\JOYBOOK\C$\Documents and Settings\SEES\Desktop\Database\Database - Work\Database\Southern Great Barrier Reef\1986\GIS Data\DUG_SGBR_86Sep</onlink></citeinfo></citation><timeperd><current>REQUIRED: The basis on which the time period of content information is determined.</current><timeinfo><sngdate><caldate>REQUIRED: The year (and optionally month, or month and day) for which the data set corresponds to the ground.</caldate></sngdate></timeinfo></timeperd><status><progress>REQUIRED: The state of the data set.</progress><update>REQUIRED: The frequency with which changes and additions are made to the data set after the initial data set is completed.</update></status><spdom><bounding><westbc Sync="TRUE">146.006714</westbc><eastbc Sync="TRUE">147.013413</eastbc><northbc Sync="TRUE">-17.998600</northbc><southbc Sync="TRUE">-19.291800</southbc></bounding><lboundng><leftbc Sync="TRUE">146.006714</leftbc><rightbc Sync="TRUE">147.013413</rightbc><bottombc Sync="TRUE">-19.291800</bottombc><topbc Sync="TRUE">-17.998600</topbc></lboundng></spdom><keywords><theme><themekt>REQUIRED: Reference to a formally registered thesaurus or a similar authoritative source of theme keywords.</themekt><themekey>REQUIRED: Common-use word or phrase used to describe the subject of the data set.</themekey></theme></keywords><accconst>REQUIRED: Restrictions and legal prerequisites for accessing the data set.</accconst><useconst>REQUIRED: Restrictions and legal prerequisites for using the data set after access is granted.</useconst><natvform Sync="TRUE">Shapefile</natvform></idinfo><dataIdInfo><envirDesc Sync="TRUE">Microsoft Windows XP Version 5.1 (Build 2600) Service Pack 2; ESRI ArcCatalog 9.2.2.1350</envirDesc><dataLang><languageCode Sync="TRUE" value="en"></languageCode></dataLang><idCitation><resTitle Sync="TRUE">DUG_SGBR_Sep86</resTitle><presForm><PresFormCd Sync="TRUE" value="005"></PresFormCd></presForm></idCitation><spatRpType><SpatRepTypCd Sync="TRUE" value="001"></SpatRepTypCd></spatRpType><dataExt><geoEle><GeoBndBox esriExtentType="native"><westBL Sync="TRUE">146.006714</westBL><eastBL Sync="TRUE">147.013413</eastBL><northBL Sync="TRUE">-17.9986</northBL><southBL Sync="TRUE">-19.2918</southBL><exTypeCode Sync="TRUE">1</exTypeCode></GeoBndBox></geoEle></dataExt><geoBox esriExtentType="decdegrees"><westBL Sync="TRUE">146.006714</westBL><eastBL Sync="TRUE">147.013413</eastBL><northBL Sync="TRUE">-17.9986</northBL><southBL Sync="TRUE">-19.2918</southBL><exTypeCode Sync="TRUE">1</exTypeCode></geoBox></dataIdInfo><metainfo><langmeta Sync="TRUE">en</langmeta><metstdn Sync="TRUE">FGDC Content Standards for Digital Geospatial Metadata</metstdn><metstdv Sync="TRUE">FGDC-STD-001-1998</metstdv><mettc Sync="TRUE">local time</mettc><metc><cntinfo><cntorgp><cntper>REQUIRED: The person responsible for the metadata information.</cntper><cntorg>REQUIRED: The organization responsible for the metadata information.</cntorg></cntorgp><cntaddr><addrtype>REQUIRED: The mailing and/or physical address for the organization or individual.</addrtype><city>REQUIRED: The city of the address.</city><state>REQUIRED: The state or province of the address.</state><postal>REQUIRED: The ZIP or other postal code of the address.</postal></cntaddr><cntvoice>REQUIRED: The telephone number by which individuals can speak to the organization or individual.</cntvoice></cntinfo></metc><metd Sync="TRUE">20080611</metd><metextns><onlink Sync="TRUE">http://www.esri.com/metadata/esriprof80.html</onlink><metprof Sync="TRUE">ESRI Metadata Profile</metprof></metextns></metainfo><mdLang><languageCode Sync="TRUE" value="en"></languageCode></mdLang><mdStanName Sync="TRUE">ISO 19115 Geographic Information - Metadata</mdStanName><mdStanVer Sync="TRUE">DIS_ESRI1.0</mdStanVer><mdChar><CharSetCd Sync="TRUE" value="004"></CharSetCd></mdChar><mdHrLv><ScopeCd Sync="TRUE" value="005"></ScopeCd></mdHrLv><mdHrLvName Sync="TRUE">dataset</mdHrLvName><distinfo><resdesc Sync="TRUE">Downloadable Data</resdesc><stdorder><digform><digtinfo><transize Sync="TRUE">0.001</transize><dssize Sync="TRUE">0.001</dssize></digtinfo></digform></stdorder></distinfo><distInfo><distributor><distorTran><onLineSrc><orDesc Sync="TRUE">002</orDesc><linkage Sync="TRUE">file://\\JOYBOOK\C$\Documents and Settings\SEES\Desktop\Database\Database - Work\Database\Southern Great Barrier Reef\1986\GIS Data\DUG_SGBR_86Sep</linkage><protocol Sync="TRUE">Local Area Network</protocol></onLineSrc><transSize Sync="TRUE">0.001</transSize></distorTran><distorFormat><formatName Sync="TRUE">Shapefile</formatName></distorFormat></distributor></distInfo><spdoinfo><direct Sync="TRUE">Vector</direct><ptvctinf><esriterm Name="DUG_SGBR_Sep86"><efeatyp Sync="TRUE">Simple</efeatyp><efeageom Sync="TRUE">Point</efeageom><esritopo Sync="TRUE">FALSE</esritopo><efeacnt Sync="TRUE">42</efeacnt><spindex Sync="TRUE">TRUE</spindex><linrefer Sync="TRUE">FALSE</linrefer></esriterm><sdtsterm Name="DUG_SGBR_Sep86"><sdtstype Sync="TRUE">Entity point</sdtstype><ptvctcnt Sync="TRUE">42</ptvctcnt></sdtsterm></ptvctinf></spdoinfo><spref><horizsys><cordsysn><geogcsn Sync="TRUE">GCS_GDA_1994</geogcsn></cordsysn><geograph><geogunit Sync="TRUE">Decimal degrees</geogunit><latres Sync="TRUE">0.000000</latres><longres Sync="TRUE">0.000000</longres></geograph><geodetic><horizdn Sync="TRUE">D_GDA_1994</horizdn><ellips Sync="TRUE">Geodetic Reference System 80</ellips><semiaxis Sync="TRUE">6378137.000000</semiaxis><denflat Sync="TRUE">298.257222</denflat></geodetic></horizsys></spref><refSysInfo><RefSystem><refSysID><identCode Sync="TRUE">GCS_GDA_1994</identCode></refSysID></RefSystem></refSysInfo><spatRepInfo><VectSpatRep><topLvl><TopoLevCd Sync="TRUE" value="001"></TopoLevCd></topLvl><geometObjs Name="DUG_SGBR_Sep86"><geoObjTyp><GeoObjTypCd Sync="TRUE" value="004"></GeoObjTypCd></geoObjTyp><geoObjCnt Sync="TRUE">42</geoObjCnt></geometObjs></VectSpatRep></spatRepInfo><eainfo><detailed Name="DUG_SGBR_Sep86"><enttyp><enttypl Sync="TRUE">DUG_SGBR_Sep86</enttypl><enttypt Sync="TRUE">Feature Class</enttypt><enttypc Sync="TRUE">42</enttypc></enttyp><attr><attrlabl Sync="TRUE">FID</attrlabl><attalias Sync="TRUE">FID</attalias><attrtype Sync="TRUE">OID</attrtype><attwidth Sync="TRUE">4</attwidth><atprecis Sync="TRUE">0</atprecis><attscale Sync="TRUE">0</attscale><attrdef Sync="TRUE">Internal feature number.</attrdef><attrdefs Sync="TRUE">ESRI</attrdefs><attrdomv><udom Sync="TRUE">Sequential unique whole numbers that are automatically generated.</udom></attrdomv></attr><attr><attrlabl Sync="TRUE">Shape</attrlabl><attalias Sync="TRUE">Shape</attalias><attrtype Sync="TRUE">Geometry</attrtype><attwidth Sync="TRUE">0</attwidth><atprecis Sync="TRUE">0</atprecis><attscale Sync="TRUE">0</attscale><attrdef Sync="TRUE">Feature geometry.</attrdef><attrdefs Sync="TRUE">ESRI</attrdefs><attrdomv><udom Sync="TRUE">Coordinates defining the features.</udom></attrdomv></attr><attr><attrlabl Sync="TRUE">DUG_NUMBER</attrlabl><attalias Sync="TRUE">DUG_NUMBER</attalias><attrtype Sync="TRUE">Number</attrtype><attwidth Sync="TRUE">4</attwidth></attr><attr><attrlabl Sync="TRUE">TRANSECT</attrlabl><attalias Sync="TRUE">TRANSECT</attalias><attrtype Sync="TRUE">Number</attrtype><attwidth Sync="TRUE">4</attwidth></attr><attr><attrlabl Sync="TRUE">DUG_ID</attrlabl><attalias Sync="TRUE">DUG_ID</attalias><attrtype Sync="TRUE">Number</attrtype><attwidth Sync="TRUE">4</attwidth></attr></detailed></eainfo><mdDateSt Sync="TRUE">20080611</mdDateSt><dataqual><lineage><procstep><procdesc Sync="TRUE">Dataset moved.</procdesc><srcused Sync="TRUE">C:\Documents and Settings\SEES\Desktop\Gulf of Carpentaria Work\Work\Shape files\DUG_SGBR_Sep86</srcused><date Sync="TRUE">20080519</date><time Sync="TRUE">10395200</time></procstep><procstep><procdesc Sync="TRUE">Dataset copied.</procdesc><srcused Sync="TRUE">C:\Documents and Settings\SEES\Desktop\Database\Database - Work\Work\Shape files\GDA94\DUG_SGBR_86Sep</srcused><date Sync="TRUE">20080813</date><time Sync="TRUE">13454000</time></procstep></lineage></dataqual></metadata>
