<?xml version="1.0" encoding="UTF-8"?>
<metadata xml:lang="en"><Esri><CreaDate>20210113</CreaDate><CreaTime>15513500</CreaTime><ArcGISFormat>1.0</ArcGISFormat><SyncOnce>TRUE</SyncOnce><DataProperties><itemProps><itemLocation><linkage Sync="TRUE">file://\\6QFYKV1\C$\SS_data\dugong\AMMC_dugong_database\files_2b_uploaded2021\DUG_SGBR_2019Nov</linkage><protocol Sync="TRUE">Local Area Network</protocol></itemLocation></itemProps><copyHistory><copy source="C:\SS_data\dugong\AMMC_dugong_database\Susan's Summary\sGBR\GIS files\DUG_SGBR_2019Nov" dest="\\6QFYKV1\C$\SS_data\dugong\AMMC_dugong_database\files_2b_uploaded2021\DUG_SGBR_2019Nov" date="20210113" time="15513500"></copy></copyHistory></DataProperties></Esri></metadata>
