<?xml version="1.0"?>
<!--<!DOCTYPE metadata SYSTEM "http://www.esri.com/metadata/esriprof80.dtd">-->
<metadata xml:lang="en"><Esri><CreaDate>20140827</CreaDate><CreaTime>10085400</CreaTime><SyncOnce>FALSE</SyncOnce><SyncDate>20120224</SyncDate><SyncTime>12221200</SyncTime><ModDate>20120224</ModDate><ModTime>12221200</ModTime><DataProperties><lineage><Process ToolSource="C:\Program Files (x86)\ArcGIS\ArcToolbox\Toolboxes\Data Management Tools.tbx\Merge" Date="20120220" Time="145902">Merge 3115b;3115a C:\Users\Rie\DugongProject\2011\Dugong_Aerial_Survey_QLD\GIStracks\Transect_polylines\3115.shp "transect 'transect' true true false 16 Double 6 15 ,First,#,3115b,transect,-1,-1,3115a,transect,-1,-1"</Process><Process ToolSource="C:\Program Files\ArcGIS\Desktop10.0\ArcToolbox\Toolboxes\Data Management Tools.tbx\Merge" Date="20120223" Time="155335">Merge C:\SS_data\Dugong_GIS_Nov_2011\Transect_polylines_New\3115.shp;C:\SS_data\Dugong_GIS_Nov_2011\Transect_polylines_New\3116.shp;C:\SS_data\Dugong_GIS_Nov_2011\Transect_polylines_New\3117.shp;C:\SS_data\Dugong_GIS_Nov_2011\Transect_polylines_New\3118.shp;C:\SS_data\Dugong_GIS_Nov_2011\Transect_polylines_New\3119.shp;C:\SS_data\Dugong_GIS_Nov_2011\Transect_polylines_New\3120.shp;C:\SS_data\Dugong_GIS_Nov_2011\Transect_polylines_New\3121.shp;C:\SS_data\Dugong_GIS_Nov_2011\Transect_polylines_New\3122.shp;C:\SS_data\Dugong_GIS_Nov_2011\Transect_polylines_New\3123.shp;C:\SS_data\Dugong_GIS_Nov_2011\Transect_polylines_New\3124.shp;C:\SS_data\Dugong_GIS_Nov_2011\Transect_polylines_New\3125.shp;C:\SS_data\Dugong_GIS_Nov_2011\Transect_polylines_New\3126.shp;C:\SS_data\Dugong_GIS_Nov_2011\Transect_polylines_New\3127.shp;C:\SS_data\Dugong_GIS_Nov_2011\Transect_polylines_New\3128.shp;C:\SS_data\Dugong_GIS_Nov_2011\Transect_polylines_New\3129.shp;C:\SS_data\Dugong_GIS_Nov_2011\Transect_polylines_New\3131.shp;C:\SS_data\Dugong_GIS_Nov_2011\Transect_polylines_New\3132.shp;C:\SS_data\Dugong_GIS_Nov_2011\Transect_polylines_New\3133.shp;C:\SS_data\Dugong_GIS_Nov_2011\Transect_polylines_New\3134.shp;C:\SS_data\Dugong_GIS_Nov_2011\Transect_polylines_New\3135.shp;C:\SS_data\Dugong_GIS_Nov_2011\Transect_polylines_New\3136.shp;C:\SS_data\Dugong_GIS_Nov_2011\Transect_polylines_New\3137.shp;C:\SS_data\Dugong_GIS_Nov_2011\Transect_polylines_New\3138.shp;C:\SS_data\Dugong_GIS_Nov_2011\Transect_polylines_New\3139.shp;C:\SS_data\Dugong_GIS_Nov_2011\Transect_polylines_New\3140.shp;C:\SS_data\Dugong_GIS_Nov_2011\Transect_polylines_New\3141.shp;C:\SS_data\Dugong_GIS_Nov_2011\Transect_polylines_New\3142.shp;C:\SS_data\Dugong_GIS_Nov_2011\Transect_polylines_New\3143.shp;C:\SS_data\Dugong_GIS_Nov_2011\Transect_polylines_New\3144.shp;C:\SS_data\Dugong_GIS_Nov_2011\Transect_polylines_New\3145.shp;C:\SS_data\Dugong_GIS_Nov_2011\Transect_polylines_New\3146.shp;C:\SS_data\Dugong_GIS_Nov_2011\Transect_polylines_New\3147.shp;C:\SS_data\Dugong_GIS_Nov_2011\Transect_polylines_New\3148.shp;C:\SS_data\Dugong_GIS_Nov_2011\Transect_polylines_New\3149.shp;C:\SS_data\Dugong_GIS_Nov_2011\Transect_polylines_New\3150.shp;C:\SS_data\Dugong_GIS_Nov_2011\Transect_polylines_New\3151.shp;C:\SS_data\Dugong_GIS_Nov_2011\Transect_polylines_New\3152.shp;C:\SS_data\Dugong_GIS_Nov_2011\Transect_polylines_New\3153.shp;C:\SS_data\Dugong_GIS_Nov_2011\Transect_polylines_New\3154.shp;C:\SS_data\Dugong_GIS_Nov_2011\Transect_polylines_New\3155.shp;C:\SS_data\Dugong_GIS_Nov_2011\Transect_polylines_New\3156.shp;C:\SS_data\Dugong_GIS_Nov_2011\Transect_polylines_New\3157.shp;C:\SS_data\Dugong_GIS_Nov_2011\Transect_polylines_New\3158.shp;C:\SS_data\Dugong_GIS_Nov_2011\Transect_polylines_New\3159.shp;C:\SS_data\Dugong_GIS_Nov_2011\Transect_polylines_New\3160.shp;C:\SS_data\Dugong_GIS_Nov_2011\Transect_polylines_New\3161.shp;C:\SS_data\Dugong_GIS_Nov_2011\Transect_polylines_New\3162.shp;C:\SS_data\Dugong_GIS_Nov_2011\Transect_polylines_New\3163.shp;C:\SS_data\Dugong_GIS_Nov_2011\Transect_polylines_New\3164.shp;C:\SS_data\Dugong_GIS_Nov_2011\Transect_polylines_New\3165.shp;C:\SS_data\Dugong_GIS_Nov_2011\Transect_polylines_New\3166.shp;C:\SS_data\Dugong_GIS_Nov_2011\Transect_polylines_New\3167.shp;C:\SS_data\Dugong_GIS_Nov_2011\Transect_polylines_New\3169.shp;C:\SS_data\Dugong_GIS_Nov_2011\Transect_polylines_New\3170.shp;C:\SS_data\Dugong_GIS_Nov_2011\Transect_polylines_New\3172.shp;C:\SS_data\Dugong_GIS_Nov_2011\Transect_polylines_New\3173.shp;C:\SS_data\Dugong_GIS_Nov_2011\Transect_polylines_New\3174.shp;C:\SS_data\Dugong_GIS_Nov_2011\Transect_polylines_New\3175.shp;C:\SS_data\Dugong_GIS_Nov_2011\Transect_polylines_New\3176.shp;C:\SS_data\Dugong_GIS_Nov_2011\Transect_polylines_New\3177.shp;C:\SS_data\Dugong_GIS_Nov_2011\Transect_polylines_New\3178.shp;C:\SS_data\Dugong_GIS_Nov_2011\Transect_polylines_New\3180.shp;C:\SS_data\Dugong_GIS_Nov_2011\Transect_polylines_New\3182.shp;C:\SS_data\Dugong_GIS_Nov_2011\Transect_polylines_New\3184.shp;C:\SS_data\Dugong_GIS_Nov_2011\Transect_polylines_New\3185.shp;C:\SS_data\Dugong_GIS_Nov_2011\Transect_polylines_New\3186.shp C:\SS_data\Dugong_GIS_Nov_2011\Transect_polylines_New\31XXMerge.shp "transect "transect" true true false 16 Double 6 15 ,First,#,C:\SS_data\Dugong_GIS_Nov_2011\Transect_polylines_New\3115.shp,transect,-1,-1,C:\SS_data\Dugong_GIS_Nov_2011\Transect_polylines_New\3116.shp,transect,-1,-1,C:\SS_data\Dugong_GIS_Nov_2011\Transect_polylines_New\3117.shp,transect,-1,-1,C:\SS_data\Dugong_GIS_Nov_2011\Transect_polylines_New\3118.shp,transect,-1,-1,C:\SS_data\Dugong_GIS_Nov_2011\Transect_polylines_New\3119.shp,transect,-1,-1,C:\SS_data\Dugong_GIS_Nov_2011\Transect_polylines_New\3120.shp,transect,-1,-1,C:\SS_data\Dugong_GIS_Nov_2011\Transect_polylines_New\3121.shp,transect,-1,-1,C:\SS_data\Dugong_GIS_Nov_2011\Transect_polylines_New\3122.shp,transect,-1,-1,C:\SS_data\Dugong_GIS_Nov_2011\Transect_polylines_New\3123.shp,transect,-1,-1,C:\SS_data\Dugong_GIS_Nov_2011\Transect_polylines_New\3124.shp,transect,-1,-1,C:\SS_data\Dugong_GIS_Nov_2011\Transect_polylines_New\3125.shp,transect,-1,-1,C:\SS_data\Dugong_GIS_Nov_2011\Transect_polylines_New\3126.shp,transect,-1,-1,C:\SS_data\Dugong_GIS_Nov_2011\Transect_polylines_New\3127.shp,transect,-1,-1,C:\SS_data\Dugong_GIS_Nov_2011\Transect_polylines_New\3128.shp,transect,-1,-1,C:\SS_data\Dugong_GIS_Nov_2011\Transect_polylines_New\3129.shp,transect,-1,-1,C:\SS_data\Dugong_GIS_Nov_2011\Transect_polylines_New\3131.shp,transect,-1,-1,C:\SS_data\Dugong_GIS_Nov_2011\Transect_polylines_New\3132.shp,transect,-1,-1,C:\SS_data\Dugong_GIS_Nov_2011\Transect_polylines_New\3133.shp,transect,-1,-1,C:\SS_data\Dugong_GIS_Nov_2011\Transect_polylines_New\3134.shp,transect,-1,-1,C:\SS_data\Dugong_GIS_Nov_2011\Transect_polylines_New\3135.shp,transect,-1,-1,C:\SS_data\Dugong_GIS_Nov_2011\Transect_polylines_New\3136.shp,transect,-1,-1,C:\SS_data\Dugong_GIS_Nov_2011\Transect_polylines_New\3137.shp,transect,-1,-1,C:\SS_data\Dugong_GIS_Nov_2011\Transect_polylines_New\3138.shp,transect,-1,-1,C:\SS_data\Dugong_GIS_Nov_2011\Transect_polylines_New\3139.shp,transect,-1,-1,C:\SS_data\Dugong_GIS_Nov_2011\Transect_polylines_New\3140.shp,transect,-1,-1,C:\SS_data\Dugong_GIS_Nov_2011\Transect_polylines_New\3141.shp,transect,-1,-1,C:\SS_data\Dugong_GIS_Nov_2011\Transect_polylines_New\3142.shp,transect,-1,-1,C:\SS_data\Dugong_GIS_Nov_2011\Transect_polylines_New\3143.shp,transect,-1,-1,C:\SS_data\Dugong_GIS_Nov_2011\Transect_polylines_New\3144.shp,transect,-1,-1,C:\SS_data\Dugong_GIS_Nov_2011\Transect_polylines_New\3145.shp,transect,-1,-1,C:\SS_data\Dugong_GIS_Nov_2011\Transect_polylines_New\3146.shp,transect,-1,-1,C:\SS_data\Dugong_GIS_Nov_2011\Transect_polylines_New\3147.shp,transect,-1,-1,C:\SS_data\Dugong_GIS_Nov_2011\Transect_polylines_New\3148.shp,transect,-1,-1,C:\SS_data\Dugong_GIS_Nov_2011\Transect_polylines_New\3149.shp,transect,-1,-1,C:\SS_data\Dugong_GIS_Nov_2011\Transect_polylines_New\3150.shp,transect,-1,-1,C:\SS_data\Dugong_GIS_Nov_2011\Transect_polylines_New\3151.shp,transect,-1,-1,C:\SS_data\Dugong_GIS_Nov_2011\Transect_polylines_New\3152.shp,transect,-1,-1,C:\SS_data\Dugong_GIS_Nov_2011\Transect_polylines_New\3153.shp,transect,-1,-1,C:\SS_data\Dugong_GIS_Nov_2011\Transect_polylines_New\3154.shp,transect,-1,-1,C:\SS_data\Dugong_GIS_Nov_2011\Transect_polylines_New\3155.shp,transect,-1,-1,C:\SS_data\Dugong_GIS_Nov_2011\Transect_polylines_New\3156.shp,transect,-1,-1,C:\SS_data\Dugong_GIS_Nov_2011\Transect_polylines_New\3157.shp,transect,-1,-1,C:\SS_data\Dugong_GIS_Nov_2011\Transect_polylines_New\3158.shp,transect,-1,-1,C:\SS_data\Dugong_GIS_Nov_2011\Transect_polylines_New\3159.shp,transect,-1,-1,C:\SS_data\Dugong_GIS_Nov_2011\Transect_polylines_New\3160.shp,transect,-1,-1,C:\SS_data\Dugong_GIS_Nov_2011\Transect_polylines_New\3161.shp,transect,-1,-1,C:\SS_data\Dugong_GIS_Nov_2011\Transect_polylines_New\3162.shp,transect,-1,-1,C:\SS_data\Dugong_GIS_Nov_2011\Transect_polylines_New\3163.shp,transect,-1,-1,C:\SS_data\Dugong_GIS_Nov_2011\Transect_polylines_New\3164.shp,transect,-1,-1,C:\SS_data\Dugong_GIS_Nov_2011\Transect_polylines_New\3165.shp,transect,-1,-1,C:\SS_data\Dugong_GIS_Nov_2011\Transect_polylines_New\3166.shp,transect,-1,-1,C:\SS_data\Dugong_GIS_Nov_2011\Transect_polylines_New\3167.shp,transect,-1,-1,C:\SS_data\Dugong_GIS_Nov_2011\Transect_polylines_New\3169.shp,transect,-1,-1,C:\SS_data\Dugong_GIS_Nov_2011\Transect_polylines_New\3170.shp,transect,-1,-1,C:\SS_data\Dugong_GIS_Nov_2011\Transect_polylines_New\3172.shp,transect,-1,-1,C:\SS_data\Dugong_GIS_Nov_2011\Transect_polylines_New\3173.shp,transect,-1,-1,C:\SS_data\Dugong_GIS_Nov_2011\Transect_polylines_New\3174.shp,transect,-1,-1,C:\SS_data\Dugong_GIS_Nov_2011\Transect_polylines_New\3175.shp,transect,-1,-1,C:\SS_data\Dugong_GIS_Nov_2011\Transect_polylines_New\3176.shp,transect,-1,-1,C:\SS_data\Dugong_GIS_Nov_2011\Transect_polylines_New\3177.shp,transect,-1,-1,C:\SS_data\Dugong_GIS_Nov_2011\Transect_polylines_New\3178.shp,transect,-1,-1,C:\SS_data\Dugong_GIS_Nov_2011\Transect_polylines_New\3180.shp,transect,-1,-1,C:\SS_data\Dugong_GIS_Nov_2011\Transect_polylines_New\3182.shp,transect,-1,-1,C:\SS_data\Dugong_GIS_Nov_2011\Transect_polylines_New\3184.shp,transect,-1,-1,C:\SS_data\Dugong_GIS_Nov_2011\Transect_polylines_New\3185.shp,transect,-1,-1,C:\SS_data\Dugong_GIS_Nov_2011\Transect_polylines_New\3186.shp,transect,-1,-1"</Process><Process ToolSource="C:\Program Files\ArcGIS\Desktop10.0\ArcToolbox\Toolboxes\Data Management Tools.tbx\Dissolve" Date="20120223" Time="155444">Dissolve C:\SS_data\Dugong_GIS_Nov_2011\Transect_polylines_New\31XXMerge.shp C:\SS_data\Dugong_GIS_Nov_2011\Transect_polylines_New\31XXMergeDissolve.shp transect # MULTI_PART DISSOLVE_LINES</Process><Process ToolSource="C:\Program Files\ArcGIS\Desktop10.0\ArcToolbox\Toolboxes\Data Management Tools.tbx\Merge" Date="20120224" Time="122213">Merge C:\SS_data\Dugong_GIS_Nov_2011\Transect_polylines_New\31XXMergeDissolve.shp;C:\SS_data\Dugong_GIS_Nov_2011\Transect_polylines_New\30XXMergeDissolve.shp;C:\SS_data\Dugong_GIS_Nov_2011\Transect_polylines_New\Addition\merger3Gap2dissolved.shp;C:\SS_data\Dugong_GIS_Nov_2011\Transect_polylines_New\Addition\mergerGap1dissolved.shp;C:\SS_data\Dugong_GIS_Nov_2011\Transect_polylines_New\Addition\merger3188_endof3dissolve.shp;C:\SS_data\Dugong_GIS_Nov_2011\Transect_polylines_New\Addition\merger3101_3114dissolve.shp;C:\SS_data\Dugong_GIS_Nov_2011\Transect_polylines_New\Addition\merger3033_3100Dissolved.shp C:\SS_data\Dugong_GIS_Nov_2011\Transects2011\TRN_sGBR2011.shp "transect "transect" true true false 19 Double 6 18 ,First,#,C:\SS_data\Dugong_GIS_Nov_2011\Transect_polylines_New\31XXMergeDissolve.shp,transect,-1,-1,C:\SS_data\Dugong_GIS_Nov_2011\Transect_polylines_New\30XXMergeDissolve.shp,transect,-1,-1,C:\SS_data\Dugong_GIS_Nov_2011\Transect_polylines_New\Addition\merger3Gap2dissolved.shp,transect,-1,-1,C:\SS_data\Dugong_GIS_Nov_2011\Transect_polylines_New\Addition\mergerGap1dissolved.shp,TRANSECT,-1,-1,C:\SS_data\Dugong_GIS_Nov_2011\Transect_polylines_New\Addition\merger3188_endof3dissolve.shp,transect,-1,-1,C:\SS_data\Dugong_GIS_Nov_2011\Transect_polylines_New\Addition\merger3101_3114dissolve.shp,transect,-1,-1,C:\SS_data\Dugong_GIS_Nov_2011\Transect_polylines_New\Addition\merger3033_3100Dissolved.shp,transect,-1,-1"</Process></lineage><itemProps><itemName Sync="TRUE">TRN_sGBR2011</itemName><imsContentType Sync="TRUE">002</imsContentType><itemSize Sync="TRUE">0.000</itemSize><itemLocation><linkage Sync="TRUE">file://\\6QFYKV1\C$\SS_data\dugong\AMMC_dugong_database\Susan's Summary\sGBR\GIS files\TRN_sGBR2011</linkage><protocol Sync="TRUE">Local Area Network</protocol></itemLocation></itemProps><coordRef><type Sync="TRUE">Geographic</type><geogcsn Sync="TRUE">GCS_GDA_1994</geogcsn><peXml Sync="TRUE">&lt;GeographicCoordinateSystem xsi:type='typens:GeographicCoordinateSystem' xmlns:xsi='http://www.w3.org/2001/XMLSchema-instance' xmlns:xs='http://www.w3.org/2001/XMLSchema' xmlns:typens='http://www.esri.com/schemas/ArcGIS/10.0'&gt;&lt;WKT&gt;GEOGCS[&amp;quot;GCS_GDA_1994&amp;quot;,DATUM[&amp;quot;D_GDA_1994&amp;quot;,SPHEROID[&amp;quot;GRS_1980&amp;quot;,6378137.0,298.257222101]],PRIMEM[&amp;quot;Greenwich&amp;quot;,0.0],UNIT[&amp;quot;Degree&amp;quot;,0.0174532925199433],AUTHORITY[&amp;quot;EPSG&amp;quot;,4283]]&lt;/WKT&gt;&lt;XOrigin&gt;-399.99999999999989&lt;/XOrigin&gt;&lt;YOrigin&gt;-399.99999999999989&lt;/YOrigin&gt;&lt;XYScale&gt;11258999068426.24&lt;/XYScale&gt;&lt;ZOrigin&gt;-100000&lt;/ZOrigin&gt;&lt;ZScale&gt;10000&lt;/ZScale&gt;&lt;MOrigin&gt;-100000&lt;/MOrigin&gt;&lt;MScale&gt;10000&lt;/MScale&gt;&lt;XYTolerance&gt;8.9831528411952117e-009&lt;/XYTolerance&gt;&lt;ZTolerance&gt;0.001&lt;/ZTolerance&gt;&lt;MTolerance&gt;0.001&lt;/MTolerance&gt;&lt;HighPrecision&gt;true&lt;/HighPrecision&gt;&lt;LeftLongitude&gt;-180&lt;/LeftLongitude&gt;&lt;WKID&gt;4283&lt;/WKID&gt;&lt;/GeographicCoordinateSystem&gt;</peXml></coordRef><copyHistory><copy source="C:\SS_data\dugong\ADugong_Aerial_Survey_Database\Southern Great Barrier Reef\2011\GIS_Data\TRN_sGBR2011" dest="\\6QFYKV1\C$\SS_data\dugong\AMMC_dugong_database\Susan's Summary\sGBR\GIS files\TRN_sGBR2011" date="20140827" time="10085400"></copy></copyHistory></DataProperties></Esri><idinfo><native Sync="TRUE">Microsoft Windows Vista Version 6.1 (Build 7600) ; ESRI ArcCatalog 9.3.1.3000</native><descript><langdata Sync="TRUE">en</langdata><abstract>REQUIRED: A brief narrative summary of the data set.</abstract><purpose>REQUIRED: A summary of the intentions with which the data set was developed.</purpose></descript><citation><citeinfo><origin>REQUIRED: The name of an organization or individual that developed the data set.</origin><pubdate>REQUIRED: The date when the data set is published or otherwise made available for release.</pubdate><title Sync="TRUE">3115</title><ftname Sync="TRUE">3115</ftname><geoform Sync="TRUE">vector digital data</geoform><onlink Sync="TRUE">\\54GB62S\C$\Users\Rie\DugongProject\2011\Dugong_Aerial_Survey_QLD\GIStracks\Transect_polylines\3115.shp</onlink></citeinfo></citation><timeperd><current>REQUIRED: The basis on which the time period of content information is determined.</current><timeinfo><sngdate><caldate>REQUIRED: The year (and optionally month, or month and day) for which the data set corresponds to the ground.</caldate></sngdate></timeinfo></timeperd><status><progress>REQUIRED: The state of the data set.</progress><update>REQUIRED: The frequency with which changes and additions are made to the data set after the initial data set is completed.</update></status><spdom><bounding><westbc Sync="TRUE">REQUIRED: Western-most coordinate of the limit of coverage expressed in longitude.</westbc><eastbc Sync="TRUE">REQUIRED: Eastern-most coordinate of the limit of coverage expressed in longitude.</eastbc><northbc Sync="TRUE">REQUIRED: Northern-most coordinate of the limit of coverage expressed in latitude.</northbc><southbc Sync="TRUE">REQUIRED: Southern-most coordinate of the limit of coverage expressed in latitude.</southbc></bounding></spdom><keywords><theme><themekt>REQUIRED: Reference to a formally registered thesaurus or a similar authoritative source of theme keywords.</themekt><themekey>REQUIRED: Common-use word or phrase used to describe the subject of the data set.</themekey></theme></keywords><accconst>REQUIRED: Restrictions and legal prerequisites for accessing the data set.</accconst><useconst>REQUIRED: Restrictions and legal prerequisites for using the data set after access is granted.</useconst><natvform Sync="TRUE">Shapefile</natvform></idinfo><dataIdInfo><envirDesc Sync="TRUE">Microsoft Windows XP Version 5.1 (Build 2600) Service Pack 3; ESRI ArcGIS 10.0.0.2414</envirDesc><dataLang><languageCode Sync="TRUE" value="en" country="AU"></languageCode></dataLang><idCitation><resTitle Sync="TRUE">TRN_sGBR2011</resTitle><presForm><PresFormCd Sync="TRUE" value="005"></PresFormCd></presForm></idCitation><spatRpType><SpatRepTypCd Sync="TRUE" value="001"></SpatRepTypCd></spatRpType><descKeys><thesaName uuidref="723f6998-058e-11dc-8314-0800200c9a66"></thesaName><keyword Sync="TRUE">002</keyword></descKeys></dataIdInfo><metainfo><langmeta Sync="TRUE">en</langmeta><metstdn Sync="TRUE">FGDC Content Standards for Digital Geospatial Metadata</metstdn><metstdv Sync="TRUE">FGDC-STD-001-1998</metstdv><mettc Sync="TRUE">local time</mettc><metc><cntinfo><cntorgp><cntper>REQUIRED: The person responsible for the metadata information.</cntper><cntorg>REQUIRED: The organization responsible for the metadata information.</cntorg></cntorgp><cntaddr><addrtype>REQUIRED: The mailing and/or physical address for the organization or individual.</addrtype><city>REQUIRED: The city of the address.</city><state>REQUIRED: The state or province of the address.</state><postal>REQUIRED: The ZIP or other postal code of the address.</postal></cntaddr><cntvoice>REQUIRED: The telephone number by which individuals can speak to the organization or individual.</cntvoice></cntinfo></metc><metd Sync="TRUE">20120220</metd></metainfo><mdLang><languageCode Sync="TRUE" value="en"></languageCode></mdLang><mdStanName Sync="TRUE">ISO 19115 Geographic Information - Metadata</mdStanName><mdStanVer Sync="TRUE">DIS_ESRI1.0</mdStanVer><mdChar><CharSetCd Sync="TRUE" value="004"></CharSetCd></mdChar><mdHrLv><ScopeCd Sync="TRUE" value="005"></ScopeCd></mdHrLv><mdHrLvName Sync="TRUE">dataset</mdHrLvName><distinfo><resdesc Sync="TRUE">Downloadable Data</resdesc><stdorder><digform><digtinfo><transize Sync="TRUE">0.000</transize><dssize Sync="TRUE">0.000</dssize></digtinfo></digform></stdorder></distinfo><distInfo><distributor><distorTran><onLineSrc><orDesc Sync="TRUE">002</orDesc><linkage Sync="TRUE">file://\\54GB62S\C$\Users\Rie\DugongProject\2011\Dugong_Aerial_Survey_QLD\GIStracks\Transect_polylines\3115.shp</linkage><protocol Sync="TRUE">Local Area Network</protocol></onLineSrc><transSize Sync="TRUE">0.000</transSize></distorTran><distorFormat><formatName Sync="TRUE">Shapefile</formatName></distorFormat></distributor><distFormat><formatName Sync="TRUE">Shapefile</formatName></distFormat><distTranOps><transSize Sync="TRUE">0.000</transSize></distTranOps></distInfo><spdoinfo><direct Sync="TRUE">Vector</direct><ptvctinf><esriterm Name="TRN_sGBR2011"><efeatyp Sync="TRUE">Simple</efeatyp><efeageom Sync="TRUE">3</efeageom><esritopo Sync="TRUE">FALSE</esritopo><efeacnt Sync="TRUE">0</efeacnt><spindex Sync="TRUE">FALSE</spindex><linrefer Sync="TRUE">FALSE</linrefer></esriterm></ptvctinf></spdoinfo><spref><horizsys><cordsysn><geogcsn Sync="TRUE">GCS_GDA_1994</geogcsn></cordsysn><geograph><geogunit Sync="TRUE">Decimal degrees</geogunit><latres Sync="TRUE">0.000000</latres><longres Sync="TRUE">0.000000</longres></geograph><geodetic><horizdn Sync="TRUE">D_GDA_1994</horizdn><ellips Sync="TRUE">Geodetic Reference System 80</ellips><semiaxis Sync="TRUE">6378137.000000</semiaxis><denflat Sync="TRUE">298.257222</denflat></geodetic></horizsys></spref><refSysInfo><RefSystem><refSysID><identCode Sync="TRUE" code="4283">GCS_GDA_1994</identCode><idCodeSpace Sync="TRUE">EPSG</idCodeSpace><idVersion Sync="TRUE">7.4.1</idVersion></refSysID></RefSystem></refSysInfo><spatRepInfo><VectSpatRep><topLvl><TopoLevCd Sync="TRUE" value="001"></TopoLevCd></topLvl><geometObjs Name="3115"><geoObjTyp><GeoObjTypCd Sync="TRUE" value="002"></GeoObjTypCd><geoObjCnt Sync="TRUE">0</geoObjCnt></geoObjTyp><geoObjCnt Sync="TRUE">0</geoObjCnt></geometObjs></VectSpatRep></spatRepInfo><eainfo><detailed Name="TRN_sGBR2011"><enttyp><enttypl Sync="TRUE">TRN_sGBR2011</enttypl><enttypt Sync="TRUE">Feature Class</enttypt><enttypc Sync="TRUE">0</enttypc></enttyp><attr><attrlabl Sync="TRUE">FID</attrlabl><attalias Sync="TRUE">FID</attalias><attrtype Sync="TRUE">OID</attrtype><attwidth Sync="TRUE">4</attwidth><atprecis Sync="TRUE">0</atprecis><attscale Sync="TRUE">0</attscale><attrdef Sync="TRUE">Internal feature number.</attrdef><attrdefs Sync="TRUE">ESRI</attrdefs><attrdomv><udom Sync="TRUE">Sequential unique whole numbers that are automatically generated.</udom></attrdomv></attr><attr><attrlabl Sync="TRUE">Shape</attrlabl><attalias Sync="TRUE">Shape</attalias><attrtype Sync="TRUE">Geometry</attrtype><attwidth Sync="TRUE">0</attwidth><atprecis Sync="TRUE">0</atprecis><attscale Sync="TRUE">0</attscale><attrdef Sync="TRUE">Feature geometry.</attrdef><attrdefs Sync="TRUE">ESRI</attrdefs><attrdomv><udom Sync="TRUE">Coordinates defining the features.</udom></attrdomv></attr><attr><attrlabl Sync="TRUE">transect</attrlabl><attalias Sync="TRUE">transect</attalias><attrtype Sync="TRUE">Double</attrtype><attwidth Sync="TRUE">19</attwidth><atprecis Sync="TRUE">18</atprecis><attscale Sync="TRUE">6</attscale></attr></detailed></eainfo><mdDateSt Sync="TRUE">20120224</mdDateSt></metadata>
