<?xml version="1.0"?>
<!--<!DOCTYPE metadata SYSTEM "http://www.esri.com/metadata/esriprof80.dtd">-->
<metadata xml:lang="en"><Esri><CreaDate>20150318</CreaDate><CreaTime>14130000</CreaTime><SyncOnce>TRUE</SyncOnce><DataProperties><itemProps><itemLocation><linkage Sync="TRUE">file://\\6QFYKV1\C$\SS_data\dugong\AMMC_dugong_database\Susan's Summary\GulfofCarpentaria\GISfiles\DUG_GOCNT_1994Nov</linkage><protocol Sync="TRUE">Local Area Network</protocol></itemLocation></itemProps><copyHistory><copy source="C:\SS_data\dugong\ADugong_Aerial_Survey_Database\Gulf of Carpentaria\1994\GIS Data\DUG_GOCNT_1994Nov" dest="\\6QFYKV1\C$\SS_data\dugong\AMMC_dugong_database\Susan's Summary\GulfofCarpentaria\GISfiles\DUG_GOCNT_1994Nov" date="20150318" time="14130000"></copy></copyHistory></DataProperties></Esri><idinfo><citation><citeinfo><onlink Sync="TRUE">\\JOYBOOK\C$\Documents and Settings\SEES\Desktop\Database\Database - Work\Database\GDA94\Gulf of Carpentaria\1994\GIS Data\DUG_GOCNT_08Jan</onlink></citeinfo></citation></idinfo><distInfo><distributor><distorTran><onLineSrc><linkage Sync="TRUE">file://\\JOYBOOK\C$\Documents and Settings\SEES\Desktop\Database\Database - Work\Database\GDA94\Gulf of Carpentaria\1994\GIS Data\DUG_GOCNT_08Jan</linkage><protocol Sync="TRUE">Local Area Network</protocol></onLineSrc></distorTran></distributor></distInfo><dataqual><lineage><procstep><procdesc Sync="TRUE">Dataset copied.</procdesc><srcused Sync="TRUE">C:\Documents and Settings\SEES\Desktop\Database\Database - Work\Work\Shape files\GDA94\DUG_GOCNT_08Jan</srcused><date Sync="TRUE">20080806</date><time Sync="TRUE">12135800</time></procstep><procstep><procdesc Sync="TRUE">Dataset moved.</procdesc><srcused Sync="TRUE">C:\Documents and Settings\SEES\Desktop\Database\Database - Work\Database\GDA94\Gulf of Carpentaria\2008\GIS data\DUG_GOCNT_08Jan</srcused><date Sync="TRUE">20080806</date><time Sync="TRUE">22573000</time></procstep></lineage></dataqual></metadata>
