<?xml version="1.0"?>
<!--<!DOCTYPE metadata SYSTEM "http://www.esri.com/metadata/esriprof80.dtd">-->
<metadata xml:lang="en"><Esri><CreaDate>20150218</CreaDate><CreaTime>12082500</CreaTime><SyncOnce>TRUE</SyncOnce><DataProperties><itemProps><itemLocation><linkage Sync="TRUE">file://\\6QFYKV1\C$\SS_data\dugong\AMMC_dugong_database\Susan's Summary\GulfofCarpentaria\GISfiles\TRN_GOCQLD_1994</linkage><protocol Sync="TRUE">Local Area Network</protocol></itemLocation></itemProps><copyHistory><copy source="C:\SS_data\dugong\ADugong_Aerial_Survey_Database\Gulf of Carpentaria\1994\GIS Data\TRN_GOCQLD_1994" dest="\\6QFYKV1\C$\SS_data\dugong\AMMC_dugong_database\Susan's Summary\GulfofCarpentaria\GISfiles\TRN_GOCQLD_1994" date="20150218" time="12082500"></copy></copyHistory></DataProperties></Esri><idinfo><citation><citeinfo><onlink Sync="TRUE">\\JOYBOOK\C$\Documents and Settings\SEES\Desktop\Database\Database - Work\Database\GDA94\Gulf of Carpentaria\1994\GIS_Data\TRN_GOC_94</onlink></citeinfo></citation></idinfo><distInfo><distributor><distorTran><onLineSrc><linkage Sync="TRUE">file://\\JOYBOOK\C$\Documents and Settings\SEES\Desktop\Database\Database - Work\Database\GDA94\Gulf of Carpentaria\1994\GIS_Data\TRN_GOC_94</linkage><protocol Sync="TRUE">Local Area Network</protocol></onLineSrc></distorTran></distributor></distInfo><dataqual><lineage><procstep><procdesc Sync="TRUE">Dataset moved.</procdesc><srcused Sync="TRUE">C:\Documents and Settings\SEES\Desktop\Database\Database - Work\Work\Shape files\GDA94\Transects\km\TRN_GULFKAR_NovDec94</srcused><date Sync="TRUE">20080616</date><time Sync="TRUE">17003600</time></procstep><procstep><procdesc Sync="TRUE">Dataset copied.</procdesc><srcused Sync="TRUE">C:\Documents and Settings\SEES\Desktop\Database\Database - Work\Work\Shape files\GDA94\Transects\TRN_GULFKAR</srcused><date Sync="TRUE">20080618</date><time Sync="TRUE">11103700</time></procstep><procstep><procdesc Sync="TRUE">Dataset moved.</procdesc><srcused Sync="TRUE">C:\Documents and Settings\SEES\Desktop\Database\Database - Work\Database\GDA94\Gulf of Carpentaria\1994\Transects\TRN_GULFKAR</srcused><date Sync="TRUE">20080707</date><time Sync="TRUE">15562500</time></procstep><procstep><procdesc Sync="TRUE">Dataset copied.</procdesc><srcused Sync="TRUE">C:\Documents and Settings\SEES\Desktop\Database\Database - Work\Database\GDA94\Gulf of Carpentaria\1994\GIS_Data\TRN_GOC_94</srcused><date Sync="TRUE">20080715</date><time Sync="TRUE">17005000</time></procstep><procstep><procdesc Sync="TRUE">Dataset copied.</procdesc><srcused Sync="TRUE">C:\Documents and Settings\SEES\Desktop\Database\Database - Work\Work\Shape files\GDA94\Transects\TRN_GOC_94</srcused><date Sync="TRUE">20080727</date><time Sync="TRUE">14230300</time></procstep></lineage></dataqual></metadata>
