<?xml version="1.0"?>
<!--<!DOCTYPE metadata SYSTEM "http://www.esri.com/metadata/esriprof80.dtd">-->
<metadata xml:lang="en"><Esri><CreaDate>20150317</CreaDate><CreaTime>16420000</CreaTime><SyncOnce>TRUE</SyncOnce><DataProperties><itemProps><itemLocation><linkage Sync="TRUE">file://\\6QFYKV1\C$\SS_data\dugong\AMMC_dugong_database\Susan's Summary\GulfofCarpentaria\GISfiles\TRN_GOCQLD_1997</linkage><protocol Sync="TRUE">Local Area Network</protocol></itemLocation></itemProps><copyHistory><copy source="C:\SS_data\dugong\ADugong_Aerial_Survey_Database\Gulf of Carpentaria\1997\GIS Data\TRN_GOCQLD_1997" dest="\\6QFYKV1\C$\SS_data\dugong\AMMC_dugong_database\Susan's Summary\GulfofCarpentaria\GISfiles\TRN_GOCQLD_1997" date="20150218" time="12080300"></copy></copyHistory><lineage><Process ToolSource="c:\program files (x86)\arcgis\desktop10.0\ArcToolbox\Toolboxes\Data Management Tools.tbx\Project" Date="20150317" Time="164111">Project TRN_GOCQLD_1997 "C:\SS_data\dugong\AMMC_dugong_database\Susan's Summary\GulfofCarpentaria\GISfiles\TRN_GOCQLD_1997_Proj.shp" PROJCS['WGS_1984_UTM_Zone_54S',GEOGCS['GCS_WGS_1984',DATUM['D_WGS_1984',SPHEROID['WGS_1984',6378137.0,298.257223563]],PRIMEM['Greenwich',0.0],UNIT['Degree',0.0174532925199433]],PROJECTION['Transverse_Mercator'],PARAMETER['False_Easting',500000.0],PARAMETER['False_Northing',10000000.0],PARAMETER['Central_Meridian',141.0],PARAMETER['Scale_Factor',0.9996],PARAMETER['Latitude_Of_Origin',0.0],UNIT['Meter',1.0]] GDA_1994_To_WGS_1984 GEOGCS['GCS_GDA_1994',DATUM['D_GDA_1994',SPHEROID['GRS_1980',6378137.0,298.257222101]],PRIMEM['Greenwich',0.0],UNIT['Degree',0.0174532925199433]]</Process><Process ToolSource="c:\program files (x86)\arcgis\desktop10.0\ArcToolbox\Toolboxes\Data Management Tools.tbx\Project" Date="20150317" Time="164200">Project TRN_GOCQLD_1997_Proj "C:\SS_data\dugong\AMMC_dugong_database\Susan's Summary\GulfofCarpentaria\GISfiles\TRN_GOCQLD_1997A.shp" GEOGCS['GCS_GDA_1994',DATUM['D_GDA_1994',SPHEROID['GRS_1980',6378137.0,298.257222101]],PRIMEM['Greenwich',0.0],UNIT['Degree',0.0174532925199433]] GDA_1994_To_WGS_1984 PROJCS['WGS_1984_UTM_Zone_54S',GEOGCS['GCS_WGS_1984',DATUM['D_WGS_1984',SPHEROID['WGS_1984',6378137.0,298.257223563]],PRIMEM['Greenwich',0.0],UNIT['Degree',0.0174532925199433]],PROJECTION['Transverse_Mercator'],PARAMETER['False_Easting',500000.0],PARAMETER['False_Northing',10000000.0],PARAMETER['Central_Meridian',141.0],PARAMETER['Scale_Factor',0.9996],PARAMETER['Latitude_Of_Origin',0.0],UNIT['Meter',1.0]]</Process></lineage></DataProperties><ArcGISFormat>1.0</ArcGISFormat></Esri><idinfo><citation><citeinfo><onlink Sync="TRUE">\\JOYBOOK\C$\Documents and Settings\SEES\Desktop\Database\Database - Work\Database\GDA94\Gulf of Carpentaria\1997\GIS_Data\TRN_GOC_97</onlink></citeinfo></citation></idinfo><distInfo><distributor><distorTran><onLineSrc><linkage Sync="TRUE">file://\\JOYBOOK\C$\Documents and Settings\SEES\Desktop\Database\Database - Work\Database\GDA94\Gulf of Carpentaria\1997\GIS_Data\TRN_GOC_97</linkage><protocol Sync="TRUE">Local Area Network</protocol></onLineSrc></distorTran></distributor></distInfo><dataqual><lineage><procstep><procdesc Sync="TRUE">Dataset moved.</procdesc><srcused Sync="TRUE">C:\Documents and Settings\SEES\Desktop\Database\Database - Work\Work\Shape files\GDA94\Transects\km\TRN_GULF_97</srcused><date Sync="TRUE">20080616</date><time Sync="TRUE">16555300</time></procstep><procstep><procdesc Sync="TRUE">Dataset copied.</procdesc><srcused Sync="TRUE">C:\Documents and Settings\SEES\Desktop\Database\Database - Work\Work\Shape files\GDA94\Transects\TRN_GULF</srcused><date Sync="TRUE">20080618</date><time Sync="TRUE">11094200</time></procstep><procstep><procdesc Sync="TRUE">Dataset moved.</procdesc><srcused Sync="TRUE">C:\Documents and Settings\SEES\Desktop\Database\Database - Work\Database\GDA94\Gulf of Carpentaria\1997\Transects\TRN_GULF</srcused><date Sync="TRUE">20080707</date><time Sync="TRUE">15571000</time></procstep><procstep><procdesc Sync="TRUE">Dataset copied.</procdesc><srcused Sync="TRUE">C:\Documents and Settings\SEES\Desktop\Database\Database - Work\Database\GDA94\Gulf of Carpentaria\1997\GIS_Data\TRN_GOC_97</srcused><date Sync="TRUE">20080715</date><time Sync="TRUE">17010100</time></procstep><procstep><procdesc Sync="TRUE">Dataset copied.</procdesc><srcused Sync="TRUE">C:\Documents and Settings\SEES\Desktop\Database\Database - Work\Work\Shape files\GDA94\Transects\TRN_GOC_97</srcused><date Sync="TRUE">20080727</date><time Sync="TRUE">14230800</time></procstep></lineage></dataqual></metadata>
