<?xml version="1.0"?>
<!--<!DOCTYPE metadata SYSTEM "http://www.esri.com/metadata/esriprof80.dtd">-->
<metadata xml:lang="en"><Esri><CreaDate>20140821</CreaDate><CreaTime>14452100</CreaTime><SyncOnce>TRUE</SyncOnce><DataProperties><itemProps><itemLocation><linkage Sync="TRUE">file://\\6QFYKV1\C$\SS_data\dugong\AMMC_dugong_database\Susan's Summary\Hervey Bay\GIS_files\DUG_HB_2006Nov</linkage><protocol Sync="TRUE">Local Area Network</protocol></itemLocation></itemProps><copyHistory><copy source="C:\SS_data\dugong\ADugong_Aerial_Survey_Database\Hervey Bay\2006\GIS Data\DUG_HB_2006Nov" dest="\\6QFYKV1\C$\SS_data\dugong\AMMC_dugong_database\Susan's Summary\Hervey Bay\GIS_files\DUG_HB_2006Nov" date="20140821" time="14452100"></copy></copyHistory></DataProperties></Esri><idinfo><citation><citeinfo><onlink Sync="TRUE">\\JOYBOOK\C$\Documents and Settings\SEES\Desktop\Database\Database - Work\Database\GDA94\Hervey Bay\2006\GIS_Data\DUG_HB_Nov06</onlink></citeinfo></citation></idinfo><distInfo><distributor><distorTran><onLineSrc><linkage Sync="TRUE">file://\\JOYBOOK\C$\Documents and Settings\SEES\Desktop\Database\Database - Work\Database\GDA94\Hervey Bay\2006\GIS_Data\DUG_HB_Nov06</linkage><protocol Sync="TRUE">Local Area Network</protocol></onLineSrc></distorTran></distributor></distInfo><dataqual><lineage><procstep><procdesc Sync="TRUE">Dataset copied.</procdesc><srcused Sync="TRUE">E:\PhD\Dugong_Data\Aerial_Surveys_2006\GIS\Final_Database\DUG_HB_Nov06</srcused><date Sync="TRUE">20080618</date><time Sync="TRUE">14000200</time></procstep><procstep><procdesc Sync="TRUE">Dataset moved.</procdesc><srcused Sync="TRUE">C:\Documents and Settings\SEES\Desktop\Database\Database - Work\Tables\Table 2006 - Work\Origin\DUG_HB_Nov06</srcused><date Sync="TRUE">20080714</date><time Sync="TRUE">16210200</time></procstep><procstep><procdesc Sync="TRUE">Dataset copied.</procdesc><srcused Sync="TRUE">C:\Documents and Settings\SEES\Desktop\Database\Database - Work\Tables\Table 2006 - Work\Shapefile\GDA\DUG_HB_Nov06</srcused><date Sync="TRUE">20080715</date><time Sync="TRUE">14134900</time></procstep></lineage></dataqual></metadata>
