<?xml version="1.0" encoding="UTF-8"?>
<metadata xml:lang="en"><Esri><CreaDate>20140821</CreaDate><CreaTime>16065100</CreaTime><SyncOnce>FALSE</SyncOnce><DataProperties><itemProps><itemName Sync="TRUE">TRN_HB2011</itemName><imsContentType Sync="TRUE">002</imsContentType><itemSize Sync="TRUE">0.000</itemSize><itemLocation><linkage Sync="TRUE">file://\\6QFYKV1\C$\SS_data\dugong\AMMC_dugong_database\Susan's Summary\Hervey Bay\GIS_files\TRN_HB2011</linkage><protocol Sync="TRUE">Local Area Network</protocol></itemLocation></itemProps><coordRef><type Sync="TRUE">Geographic</type><geogcsn Sync="TRUE">GCS_GDA_1994</geogcsn><peXml Sync="TRUE">&lt;GeographicCoordinateSystem xsi:type='typens:GeographicCoordinateSystem' xmlns:xsi='http://www.w3.org/2001/XMLSchema-instance' xmlns:xs='http://www.w3.org/2001/XMLSchema' xmlns:typens='http://www.esri.com/schemas/ArcGIS/10.0'&gt;&lt;WKT&gt;GEOGCS[&amp;quot;GCS_GDA_1994&amp;quot;,DATUM[&amp;quot;D_GDA_1994&amp;quot;,SPHEROID[&amp;quot;GRS_1980&amp;quot;,6378137.0,298.257222101]],PRIMEM[&amp;quot;Greenwich&amp;quot;,0.0],UNIT[&amp;quot;Degree&amp;quot;,0.0174532925199433],AUTHORITY[&amp;quot;EPSG&amp;quot;,4283]]&lt;/WKT&gt;&lt;XOrigin&gt;-399.99999999999989&lt;/XOrigin&gt;&lt;YOrigin&gt;-399.99999999999989&lt;/YOrigin&gt;&lt;XYScale&gt;11258999068426.24&lt;/XYScale&gt;&lt;ZOrigin&gt;-100000&lt;/ZOrigin&gt;&lt;ZScale&gt;10000&lt;/ZScale&gt;&lt;MOrigin&gt;-100000&lt;/MOrigin&gt;&lt;MScale&gt;10000&lt;/MScale&gt;&lt;XYTolerance&gt;8.9831528411952117e-009&lt;/XYTolerance&gt;&lt;ZTolerance&gt;0.001&lt;/ZTolerance&gt;&lt;MTolerance&gt;0.001&lt;/MTolerance&gt;&lt;HighPrecision&gt;true&lt;/HighPrecision&gt;&lt;LeftLongitude&gt;-180&lt;/LeftLongitude&gt;&lt;WKID&gt;4283&lt;/WKID&gt;&lt;/GeographicCoordinateSystem&gt;</peXml></coordRef><lineage><Process ToolSource="C:\Program Files\ArcGIS\Desktop10.0\ArcToolbox\Toolboxes\Data Management Tools.tbx\Merge" Date="20120223" Time="134833">Merge C:\SS_data\Dugong_GIS_Nov_2011\Transect_polylines_New\2021.shp;C:\SS_data\Dugong_GIS_Nov_2011\Transect_polylines_New\2022.shp;C:\SS_data\Dugong_GIS_Nov_2011\Transect_polylines_New\2023.shp;C:\SS_data\Dugong_GIS_Nov_2011\Transect_polylines_New\2024.shp;C:\SS_data\Dugong_GIS_Nov_2011\Transect_polylines_New\2025.shp;C:\SS_data\Dugong_GIS_Nov_2011\Transect_polylines_New\2026.shp;C:\SS_data\Dugong_GIS_Nov_2011\Transect_polylines_New\2027.shp;C:\SS_data\Dugong_GIS_Nov_2011\Transect_polylines_New\2028.shp;C:\SS_data\Dugong_GIS_Nov_2011\Transect_polylines_New\2029.shp;C:\SS_data\Dugong_GIS_Nov_2011\Transect_polylines_New\2030.shp;C:\SS_data\Dugong_GIS_Nov_2011\Transect_polylines_New\2031.shp;C:\SS_data\Dugong_GIS_Nov_2011\Transect_polylines_New\2032.shp;C:\SS_data\Dugong_GIS_Nov_2011\Transect_polylines_New\2033.shp;C:\SS_data\Dugong_GIS_Nov_2011\Transect_polylines_New\2034.shp;C:\SS_data\Dugong_GIS_Nov_2011\Transect_polylines_New\2035.shp;C:\SS_data\Dugong_GIS_Nov_2011\Transect_polylines_New\2036.shp;C:\SS_data\Dugong_GIS_Nov_2011\Transect_polylines_New\2037.shp;C:\SS_data\Dugong_GIS_Nov_2011\Transect_polylines_New\2038.shp;C:\SS_data\Dugong_GIS_Nov_2011\Transect_polylines_New\2039.shp;C:\SS_data\Dugong_GIS_Nov_2011\Transect_polylines_New\2040.shp;C:\SS_data\Dugong_GIS_Nov_2011\Transect_polylines_New\2041.shp;C:\SS_data\Dugong_GIS_Nov_2011\Transect_polylines_New\2042.shp;C:\SS_data\Dugong_GIS_Nov_2011\Transect_polylines_New\2043.shp;C:\SS_data\Dugong_GIS_Nov_2011\Transect_polylines_New\2044.shp;C:\SS_data\Dugong_GIS_Nov_2011\Transect_polylines_New\2045.shp;C:\SS_data\Dugong_GIS_Nov_2011\Transect_polylines_New\2046.shp;C:\SS_data\Dugong_GIS_Nov_2011\Transect_polylines_New\2047.shp;C:\SS_data\Dugong_GIS_Nov_2011\Transect_polylines_New\2048.shp;C:\SS_data\Dugong_GIS_Nov_2011\Transect_polylines_New\2049.shp;C:\SS_data\Dugong_GIS_Nov_2011\Transect_polylines_New\2050.shp;C:\SS_data\Dugong_GIS_Nov_2011\Transect_polylines_New\2051.shp;C:\SS_data\Dugong_GIS_Nov_2011\Transect_polylines_New\2053.shp;C:\SS_data\Dugong_GIS_Nov_2011\Transect_polylines_New\2052.shp;C:\SS_data\Dugong_GIS_Nov_2011\Transect_polylines_New\2054.shp;C:\SS_data\Dugong_GIS_Nov_2011\Transect_polylines_New\2055.shp;C:\SS_data\Dugong_GIS_Nov_2011\Transect_polylines_New\2056.shp;C:\SS_data\Dugong_GIS_Nov_2011\Transect_polylines_New\2057.shp;C:\SS_data\Dugong_GIS_Nov_2011\Transect_polylines_New\2058.shp;C:\SS_data\Dugong_GIS_Nov_2011\Transect_polylines_New\2059.shp;C:\SS_data\Dugong_GIS_Nov_2011\Transect_polylines_New\2060.shp;C:\SS_data\Dugong_GIS_Nov_2011\Transect_polylines_New\2061.shp;C:\SS_data\Dugong_GIS_Nov_2011\Transect_polylines_New\2062.shp;C:\SS_data\Dugong_GIS_Nov_2011\Transect_polylines_New\2063.shp;C:\SS_data\Dugong_GIS_Nov_2011\Transect_polylines_New\2064.shp;C:\SS_data\Dugong_GIS_Nov_2011\Transect_polylines_New\2065.shp;C:\SS_data\Dugong_GIS_Nov_2011\Transect_polylines_New\2066.shp;C:\SS_data\Dugong_GIS_Nov_2011\Transect_polylines_New\2067.shp;C:\SS_data\Dugong_GIS_Nov_2011\Transect_polylines_New\2068.shp;C:\SS_data\Dugong_GIS_Nov_2011\Transect_polylines_New\2069.shp;C:\SS_data\Dugong_GIS_Nov_2011\Transect_polylines_New\2070.shp;C:\SS_data\Dugong_GIS_Nov_2011\Transect_polylines_New\2071.shp;C:\SS_data\Dugong_GIS_Nov_2011\Transect_polylines_New\2072.shp;C:\SS_data\Dugong_GIS_Nov_2011\Transect_polylines_New\2073.shp;C:\SS_data\Dugong_GIS_Nov_2011\Transect_polylines_New\2074.shp;C:\SS_data\Dugong_GIS_Nov_2011\Transect_polylines_New\2075.shp;C:\SS_data\Dugong_GIS_Nov_2011\Transect_polylines_New\2076dissolved.shp;C:\SS_data\Dugong_GIS_Nov_2011\Transect_polylines_New\2077.shp;C:\SS_data\Dugong_GIS_Nov_2011\Transect_polylines_New\2078Dissolved.shp C:\SS_data\Dugong_GIS_Nov_2011\Transect_polylines_New\2xxx_merged.shp "transect "transect" true true false 16 Double 6 15 ,First,#,C:\SS_data\Dugong_GIS_Nov_2011\Transect_polylines_New\2021.shp,transect,-1,-1,C:\SS_data\Dugong_GIS_Nov_2011\Transect_polylines_New\2022.shp,transect,-1,-1,C:\SS_data\Dugong_GIS_Nov_2011\Transect_polylines_New\2023.shp,transect,-1,-1,C:\SS_data\Dugong_GIS_Nov_2011\Transect_polylines_New\2024.shp,transect,-1,-1,C:\SS_data\Dugong_GIS_Nov_2011\Transect_polylines_New\2025.shp,transect,-1,-1,C:\SS_data\Dugong_GIS_Nov_2011\Transect_polylines_New\2026.shp,transect,-1,-1,C:\SS_data\Dugong_GIS_Nov_2011\Transect_polylines_New\2027.shp,transect,-1,-1,C:\SS_data\Dugong_GIS_Nov_2011\Transect_polylines_New\2028.shp,transect,-1,-1,C:\SS_data\Dugong_GIS_Nov_2011\Transect_polylines_New\2029.shp,transect,-1,-1,C:\SS_data\Dugong_GIS_Nov_2011\Transect_polylines_New\2030.shp,transect,-1,-1,C:\SS_data\Dugong_GIS_Nov_2011\Transect_polylines_New\2031.shp,transect,-1,-1,C:\SS_data\Dugong_GIS_Nov_2011\Transect_polylines_New\2032.shp,transect,-1,-1,C:\SS_data\Dugong_GIS_Nov_2011\Transect_polylines_New\2033.shp,transect,-1,-1,C:\SS_data\Dugong_GIS_Nov_2011\Transect_polylines_New\2034.shp,transect,-1,-1,C:\SS_data\Dugong_GIS_Nov_2011\Transect_polylines_New\2035.shp,transect,-1,-1,C:\SS_data\Dugong_GIS_Nov_2011\Transect_polylines_New\2036.shp,transect,-1,-1,C:\SS_data\Dugong_GIS_Nov_2011\Transect_polylines_New\2037.shp,transect,-1,-1,C:\SS_data\Dugong_GIS_Nov_2011\Transect_polylines_New\2038.shp,transect,-1,-1,C:\SS_data\Dugong_GIS_Nov_2011\Transect_polylines_New\2039.shp,transect,-1,-1,C:\SS_data\Dugong_GIS_Nov_2011\Transect_polylines_New\2040.shp,transect,-1,-1,C:\SS_data\Dugong_GIS_Nov_2011\Transect_polylines_New\2041.shp,transect,-1,-1,C:\SS_data\Dugong_GIS_Nov_2011\Transect_polylines_New\2042.shp,transect,-1,-1,C:\SS_data\Dugong_GIS_Nov_2011\Transect_polylines_New\2043.shp,transect,-1,-1,C:\SS_data\Dugong_GIS_Nov_2011\Transect_polylines_New\2044.shp,transect,-1,-1,C:\SS_data\Dugong_GIS_Nov_2011\Transect_polylines_New\2045.shp,transect,-1,-1,C:\SS_data\Dugong_GIS_Nov_2011\Transect_polylines_New\2046.shp,transect,-1,-1,C:\SS_data\Dugong_GIS_Nov_2011\Transect_polylines_New\2047.shp,transect,-1,-1,C:\SS_data\Dugong_GIS_Nov_2011\Transect_polylines_New\2048.shp,transect,-1,-1,C:\SS_data\Dugong_GIS_Nov_2011\Transect_polylines_New\2049.shp,transect,-1,-1,C:\SS_data\Dugong_GIS_Nov_2011\Transect_polylines_New\2050.shp,transect,-1,-1,C:\SS_data\Dugong_GIS_Nov_2011\Transect_polylines_New\2051.shp,transect,-1,-1,C:\SS_data\Dugong_GIS_Nov_2011\Transect_polylines_New\2053.shp,transect,-1,-1,C:\SS_data\Dugong_GIS_Nov_2011\Transect_polylines_New\2052.shp,transect,-1,-1,C:\SS_data\Dugong_GIS_Nov_2011\Transect_polylines_New\2054.shp,transect,-1,-1,C:\SS_data\Dugong_GIS_Nov_2011\Transect_polylines_New\2055.shp,transect,-1,-1,C:\SS_data\Dugong_GIS_Nov_2011\Transect_polylines_New\2056.shp,transect,-1,-1,C:\SS_data\Dugong_GIS_Nov_2011\Transect_polylines_New\2057.shp,transect,-1,-1,C:\SS_data\Dugong_GIS_Nov_2011\Transect_polylines_New\2058.shp,transect,-1,-1,C:\SS_data\Dugong_GIS_Nov_2011\Transect_polylines_New\2059.shp,transect,-1,-1,C:\SS_data\Dugong_GIS_Nov_2011\Transect_polylines_New\2060.shp,transect,-1,-1,C:\SS_data\Dugong_GIS_Nov_2011\Transect_polylines_New\2061.shp,transect,-1,-1,C:\SS_data\Dugong_GIS_Nov_2011\Transect_polylines_New\2062.shp,transect,-1,-1,C:\SS_data\Dugong_GIS_Nov_2011\Transect_polylines_New\2063.shp,transect,-1,-1,C:\SS_data\Dugong_GIS_Nov_2011\Transect_polylines_New\2064.shp,transect,-1,-1,C:\SS_data\Dugong_GIS_Nov_2011\Transect_polylines_New\2065.shp,transect,-1,-1,C:\SS_data\Dugong_GIS_Nov_2011\Transect_polylines_New\2066.shp,transect,-1,-1,C:\SS_data\Dugong_GIS_Nov_2011\Transect_polylines_New\2067.shp,transect,-1,-1,C:\SS_data\Dugong_GIS_Nov_2011\Transect_polylines_New\2068.shp,transect,-1,-1,C:\SS_data\Dugong_GIS_Nov_2011\Transect_polylines_New\2069.shp,transect,-1,-1,C:\SS_data\Dugong_GIS_Nov_2011\Transect_polylines_New\2070.shp,transect,-1,-1,C:\SS_data\Dugong_GIS_Nov_2011\Transect_polylines_New\2071.shp,transect,-1,-1,C:\SS_data\Dugong_GIS_Nov_2011\Transect_polylines_New\2072.shp,transect,-1,-1,C:\SS_data\Dugong_GIS_Nov_2011\Transect_polylines_New\2073.shp,transect,-1,-1,C:\SS_data\Dugong_GIS_Nov_2011\Transect_polylines_New\2074.shp,transect,-1,-1,C:\SS_data\Dugong_GIS_Nov_2011\Transect_polylines_New\2075.shp,transect,-1,-1,C:\SS_data\Dugong_GIS_Nov_2011\Transect_polylines_New\2076dissolved.shp,transect,-1,-1,C:\SS_data\Dugong_GIS_Nov_2011\Transect_polylines_New\2077.shp,transect,-1,-1,C:\SS_data\Dugong_GIS_Nov_2011\Transect_polylines_New\2078Dissolved.shp,transect,-1,-1"</Process><Process ToolSource="C:\Program Files\ArcGIS\Desktop10.0\ArcToolbox\Toolboxes\Data Management Tools.tbx\Dissolve" Date="20120223" Time="135159">Dissolve C:\SS_data\Dugong_GIS_Nov_2011\Transect_polylines_New\2xxx_merged.shp C:\SS_data\Dugong_GIS_Nov_2011\Transects2011\TRN_HB2011.shp transect # MULTI_PART DISSOLVE_LINES</Process></lineage><copyHistory><copy source="C:\SS_data\dugong\ADugong_Aerial_Survey_Database\Hervey Bay\2011\GIS_Data\TRN_HB2011" dest="\\6QFYKV1\C$\SS_data\dugong\AMMC_dugong_database\Susan's Summary\Hervey Bay\GIS_files\TRN_HB2011" date="20140821" time="16065100"></copy></copyHistory></DataProperties><SyncDate>20120223</SyncDate><SyncTime>13515800</SyncTime><ModDate>20120223</ModDate><ModTime>13515800</ModTime></Esri><dataIdInfo><envirDesc Sync="TRUE">Microsoft Windows XP Version 5.1 (Build 2600) Service Pack 3; ESRI ArcGIS 10.0.0.2414</envirDesc><dataLang><languageCode value="en" country="AU"></languageCode></dataLang><idCitation><resTitle Sync="TRUE">TRN_HB2011</resTitle><presForm><PresFormCd value="005"></PresFormCd></presForm></idCitation><descKeys><thesaName uuidref="723f6998-058e-11dc-8314-0800200c9a66"></thesaName><keyword Sync="TRUE">002</keyword></descKeys><spatRpType><SpatRepTypCd value="001"></SpatRepTypCd></spatRpType></dataIdInfo><mdLang><languageCode value="en"></languageCode></mdLang><mdChar><CharSetCd value="004"></CharSetCd></mdChar><distInfo><distFormat><formatName Sync="TRUE">Shapefile</formatName></distFormat><distTranOps><transSize Sync="TRUE">0.000</transSize></distTranOps></distInfo><mdHrLv><ScopeCd value="005"></ScopeCd></mdHrLv><mdHrLvName Sync="TRUE">dataset</mdHrLvName><refSysInfo><RefSystem><refSysID><identCode code="4283"></identCode><idCodeSpace Sync="TRUE">EPSG</idCodeSpace><idVersion Sync="TRUE">7.4.1</idVersion></refSysID></RefSystem></refSysInfo><spdoinfo><ptvctinf><esriterm Name="TRN_HB2011"><efeatyp Sync="TRUE">Simple</efeatyp><efeageom Sync="TRUE">3</efeageom><esritopo Sync="TRUE">FALSE</esritopo><efeacnt Sync="TRUE">0</efeacnt><spindex Sync="TRUE">FALSE</spindex><linrefer Sync="TRUE">FALSE</linrefer></esriterm></ptvctinf></spdoinfo><spatRepInfo><VectSpatRep><topLvl><TopoLevCd value="001"></TopoLevCd></topLvl><geometObjs><geoObjTyp><GeoObjTypCd value="002"></GeoObjTypCd><geoObjCnt Sync="TRUE">0</geoObjCnt></geoObjTyp></geometObjs></VectSpatRep></spatRepInfo><eainfo><detailed Name="TRN_HB2011"><enttyp><enttypl Sync="TRUE">TRN_HB2011</enttypl><enttypt Sync="TRUE">Feature Class</enttypt><enttypc Sync="TRUE">0</enttypc></enttyp><attr><attrlabl Sync="TRUE">FID</attrlabl><attalias Sync="TRUE">FID</attalias><attrtype Sync="TRUE">OID</attrtype><attwidth Sync="TRUE">4</attwidth><atprecis Sync="TRUE">0</atprecis><attscale Sync="TRUE">0</attscale><attrdef Sync="TRUE">Internal feature number.</attrdef><attrdefs Sync="TRUE">ESRI</attrdefs><attrdomv><udom Sync="TRUE">Sequential unique whole numbers that are automatically generated.</udom></attrdomv></attr><attr><attrlabl Sync="TRUE">Shape</attrlabl><attalias Sync="TRUE">Shape</attalias><attrtype Sync="TRUE">Geometry</attrtype><attwidth Sync="TRUE">0</attwidth><atprecis Sync="TRUE">0</atprecis><attscale Sync="TRUE">0</attscale><attrdef Sync="TRUE">Feature geometry.</attrdef><attrdefs Sync="TRUE">ESRI</attrdefs><attrdomv><udom Sync="TRUE">Coordinates defining the features.</udom></attrdomv></attr><attr><attrlabl Sync="TRUE">transect</attrlabl><attalias Sync="TRUE">transect</attalias><attrtype Sync="TRUE">Double</attrtype><attwidth Sync="TRUE">19</attwidth><atprecis Sync="TRUE">18</atprecis><attscale Sync="TRUE">6</attscale></attr></detailed></eainfo><mdDateSt Sync="TRUE">20120223</mdDateSt></metadata>
