<?xml version="1.0"?>
<!--<!DOCTYPE metadata SYSTEM "http://www.esri.com/metadata/esriprof80.dtd">-->
<metadata xml:lang="en"><Esri><CreaDate>20141114</CreaDate><CreaTime>11035900</CreaTime><SyncOnce>FALSE</SyncOnce><SyncDate>20080826</SyncDate><SyncTime>12125900</SyncTime><ModDate>20080826</ModDate><ModTime>12125900</ModTime><DataProperties><lineage><Process Name="Merge_1" ToolSource="C:\Program Files\ArcGIS\ArcToolbox\Toolboxes\Data Management Tools.tbx\Merge" Date="20080714" Time="121100">Merge DUS_TS_94_E;DUG_TS_94_D;DUG_TS_94_C;DUG_TS_94_BExport_Output;DUG_TS_94_A "C:\Documents and Settings\SEES\Desktop\Database\Database - Work\Work\Shape files\GDA94\DUG_TS_94.shp" "FID_ FID_ true false false 9 Long 0 9 ,First,#,DUS_TS_94_E,FID_,-1,-1,DUG_TS_94_D,FID_,-1,-1,DUG_TS_94_C,FID_,-1,-1,DUG_TS_94_BExport_Output,FID_,-1,-1,DUG_TS_94_A,FID_,-1,-1;AREA AREA true false false 13 Double 6 12 ,First,#,DUS_TS_94_E,AREA,-1,-1,DUG_TS_94_D,AREA,-1,-1,DUG_TS_94_C,AREA,-1,-1,DUG_TS_94_BExport_Output,AREA,-1,-1,DUG_TS_94_A,AREA,-1,-1;PERIMETER PERIMETER true false false 13 Double 6 12 ,First,#,DUS_TS_94_E,PERIMETER,-1,-1,DUG_TS_94_D,PERIMETER,-1,-1,DUG_TS_94_C,PERIMETER,-1,-1,DUG_TS_94_BExport_Output,PERIMETER,-1,-1,DUG_TS_94_A,PERIMETER,-1,-1;T94DPLT4_ T94DPLT4_ true false false 10 Double 0 10 ,First,#,DUS_TS_94_E,T94DPLT4_,-1,-1;T94DPLT4_I T94DPLT4_I true false false 10 Double 0 10 ,First,#,DUS_TS_94_E,T94DPLT4_I,-1,-1;NUMBER NUMBER true false false 2 Short 0 2 ,First,#,DUS_TS_94_E,NUMBER,-1,-1,DUG_TS_94_D,NUMBER,-1,-1,DUG_TS_94_C,NUMBER,-1,-1,DUG_TS_94_BExport_Output,NUMBER,-1,-1,DUG_TS_94_A,NUMBER,-1,-1;TRAN TRAN true false false 2 Short 0 2 ,First,#,DUS_TS_94_E,TRAN,-1,-1,DUG_TS_94_D,TRAN,-1,-1,DUG_TS_94_C,TRAN,-1,-1,DUG_TS_94_BExport_Output,TRAN,-1,-1,DUG_TS_94_A,TRAN,-1,-1;T94DPLT3_ T94DPLT3_ true false false 10 Double 0 10 ,First,#,DUG_TS_94_D,T94DPLT3_,-1,-1;T94DPLT3_I T94DPLT3_I true false false 10 Double 0 10 ,First,#,DUG_TS_94_D,T94DPLT3_I,-1,-1;T94DPLT2_ T94DPLT2_ true false false 10 Double 0 10 ,First,#,DUG_TS_94_C,T94DPLT2_,-1,-1;T94DPLT2_I T94DPLT2_I true false false 10 Double 0 10 ,First,#,DUG_TS_94_C,T94DPLT2_I,-1,-1;T94DPLT1_ T94DPLT1_ true false false 10 Double 0 10 ,First,#,DUG_TS_94_BExport_Output,T94DPLT1_,-1,-1;T94DPLT1_I T94DPLT1_I true false false 10 Double 0 10 ,First,#,DUG_TS_94_BExport_Output,T94DPLT1_I,-1,-1;T94DPLT0_ T94DPLT0_ true false false 10 Double 0 10 ,First,#,DUG_TS_94_A,T94DPLT0_,-1,-1;T94DPLT0_I T94DPLT0_I true false false 10 Double 0 10 ,First,#,DUG_TS_94_A,T94DPLT0_I,-1,-1"</Process></lineage><itemProps><itemLocation><linkage Sync="TRUE">file://\\6QFYKV1\C$\SS_data\dugong\AMMC_dugong_database\Susan's Summary\Torres Strait\GIS files\DUG_TS_1994Dec</linkage><protocol Sync="TRUE">Local Area Network</protocol></itemLocation></itemProps><copyHistory><copy source="C:\SS_data\dugong\ADugong_Aerial_Survey_Database\Torres Strait\1994\GIS Data\DUG_TS_1994Dec" dest="\\6QFYKV1\C$\SS_data\dugong\AMMC_dugong_database\Susan's Summary\Torres Strait\GIS files\DUG_TS_1994Dec" date="20141114" time="11035900"></copy></copyHistory></DataProperties></Esri><idinfo><native Sync="TRUE">Microsoft Windows XP Version 5.1 (Build 2600) Service Pack 2; ESRI ArcCatalog 9.2.2.1350</native><descript><langdata Sync="TRUE">en</langdata><abstract>REQUIRED: A brief narrative summary of the data set.</abstract><purpose>REQUIRED: A summary of the intentions with which the data set was developed.</purpose></descript><citation><citeinfo><origin>REQUIRED: The name of an organization or individual that developed the data set.</origin><pubdate>REQUIRED: The date when the data set is published or otherwise made available for release.</pubdate><title Sync="TRUE">DUG_TS_1994Dec</title><ftname Sync="TRUE">DUG_TS_1994Dec</ftname><geoform Sync="TRUE">vector digital data</geoform><onlink Sync="TRUE">\\JOYBOOK\C$\Documents and Settings\SEES\Desktop\Database\Database - Work\Aerials Surveys Database\Torres Strait\1994\GIS Data\DUG_TS_1994Dec.shp</onlink></citeinfo></citation><timeperd><current>REQUIRED: The basis on which the time period of content information is determined.</current><timeinfo><sngdate><caldate>REQUIRED: The year (and optionally month, or month and day) for which the data set corresponds to the ground.</caldate></sngdate></timeinfo></timeperd><status><progress>REQUIRED: The state of the data set.</progress><update>REQUIRED: The frequency with which changes and additions are made to the data set after the initial data set is completed.</update></status><spdom><bounding><westbc Sync="TRUE">142.000000</westbc><eastbc Sync="TRUE">142.611496</eastbc><northbc Sync="TRUE">-9.583300</northbc><southbc Sync="TRUE">-9.958300</southbc></bounding><lboundng><leftbc Sync="TRUE">142.000000</leftbc><rightbc Sync="TRUE">142.611496</rightbc><bottombc Sync="TRUE">-9.958300</bottombc><topbc Sync="TRUE">-9.583300</topbc></lboundng></spdom><keywords><theme><themekt>REQUIRED: Reference to a formally registered thesaurus or a similar authoritative source of theme keywords.</themekt><themekey>REQUIRED: Common-use word or phrase used to describe the subject of the data set.</themekey></theme></keywords><accconst>REQUIRED: Restrictions and legal prerequisites for accessing the data set.</accconst><useconst>REQUIRED: Restrictions and legal prerequisites for using the data set after access is granted.</useconst><natvform Sync="TRUE">Shapefile</natvform></idinfo><dataIdInfo><envirDesc Sync="TRUE">Microsoft Windows XP Version 5.1 (Build 2600) Service Pack 2; ESRI ArcCatalog 9.2.2.1350</envirDesc><dataLang><languageCode Sync="TRUE" value="en"></languageCode></dataLang><idCitation><resTitle Sync="TRUE">DUG_TS_1994Dec</resTitle><presForm><PresFormCd Sync="TRUE" value="005"></PresFormCd></presForm></idCitation><spatRpType><SpatRepTypCd Sync="TRUE" value="001"></SpatRepTypCd></spatRpType><dataExt><geoEle><GeoBndBox esriExtentType="native"><westBL Sync="TRUE">142</westBL><eastBL Sync="TRUE">142.611496</eastBL><northBL Sync="TRUE">-9.5833</northBL><southBL Sync="TRUE">-9.9583</southBL><exTypeCode Sync="TRUE">1</exTypeCode></GeoBndBox></geoEle></dataExt><geoBox esriExtentType="decdegrees"><westBL Sync="TRUE">142</westBL><eastBL Sync="TRUE">142.611496</eastBL><northBL Sync="TRUE">-9.5833</northBL><southBL Sync="TRUE">-9.9583</southBL><exTypeCode Sync="TRUE">1</exTypeCode></geoBox></dataIdInfo><metainfo><langmeta Sync="TRUE">en</langmeta><metstdn Sync="TRUE">FGDC Content Standards for Digital Geospatial Metadata</metstdn><metstdv Sync="TRUE">FGDC-STD-001-1998</metstdv><mettc Sync="TRUE">local time</mettc><metc><cntinfo><cntorgp><cntper>REQUIRED: The person responsible for the metadata information.</cntper><cntorg>REQUIRED: The organization responsible for the metadata information.</cntorg></cntorgp><cntaddr><addrtype>REQUIRED: The mailing and/or physical address for the organization or individual.</addrtype><city>REQUIRED: The city of the address.</city><state>REQUIRED: The state or province of the address.</state><postal>REQUIRED: The ZIP or other postal code of the address.</postal></cntaddr><cntvoice>REQUIRED: The telephone number by which individuals can speak to the organization or individual.</cntvoice></cntinfo></metc><metd Sync="TRUE">20080826</metd><metextns><onlink Sync="TRUE">http://www.esri.com/metadata/esriprof80.html</onlink><metprof Sync="TRUE">ESRI Metadata Profile</metprof></metextns></metainfo><mdLang><languageCode Sync="TRUE" value="en"></languageCode></mdLang><mdStanName Sync="TRUE">ISO 19115 Geographic Information - Metadata</mdStanName><mdStanVer Sync="TRUE">DIS_ESRI1.0</mdStanVer><mdChar><CharSetCd Sync="TRUE" value="004"></CharSetCd></mdChar><mdHrLv><ScopeCd Sync="TRUE" value="005"></ScopeCd></mdHrLv><mdHrLvName Sync="TRUE">dataset</mdHrLvName><distinfo><resdesc Sync="TRUE">Downloadable Data</resdesc><stdorder><digform><digtinfo><transize Sync="TRUE">0.007</transize><dssize Sync="TRUE">0.007</dssize></digtinfo></digform></stdorder></distinfo><distInfo><distributor><distorTran><onLineSrc><orDesc Sync="TRUE">002</orDesc><linkage Sync="TRUE">file://\\JOYBOOK\C$\Documents and Settings\SEES\Desktop\Database\Database - Work\Aerials Surveys Database\Torres Strait\1994\GIS Data\DUG_TS_1994Dec.shp</linkage><protocol Sync="TRUE">Local Area Network</protocol></onLineSrc><transSize Sync="TRUE">0.007</transSize></distorTran><distorFormat><formatName Sync="TRUE">Shapefile</formatName></distorFormat></distributor></distInfo><spdoinfo><direct Sync="TRUE">Vector</direct><ptvctinf><esriterm Name="DUG_TS_1994Dec"><efeatyp Sync="TRUE">Simple</efeatyp><efeageom Sync="TRUE">Point</efeageom><esritopo Sync="TRUE">FALSE</esritopo><efeacnt Sync="TRUE">268</efeacnt><spindex Sync="TRUE">FALSE</spindex><linrefer Sync="TRUE">FALSE</linrefer></esriterm><sdtsterm Name="DUG_TS_1994Dec"><sdtstype Sync="TRUE">Entity point</sdtstype><ptvctcnt Sync="TRUE">268</ptvctcnt></sdtsterm></ptvctinf></spdoinfo><spatRepInfo><VectSpatRep><topLvl><TopoLevCd Sync="TRUE" value="001"></TopoLevCd></topLvl><geometObjs Name="DUG_TS_1994Dec"><geoObjTyp><GeoObjTypCd Sync="TRUE" value="004"></GeoObjTypCd></geoObjTyp><geoObjCnt Sync="TRUE">268</geoObjCnt></geometObjs></VectSpatRep></spatRepInfo><eainfo><detailed Name="DUG_TS_1994Dec"><enttyp><enttypl Sync="TRUE">DUG_TS_1994Dec</enttypl><enttypt Sync="TRUE">Feature Class</enttypt><enttypc Sync="TRUE">268</enttypc></enttyp><attr><attrlabl Sync="TRUE">FID</attrlabl><attalias Sync="TRUE">FID</attalias><attrtype Sync="TRUE">OID</attrtype><attwidth Sync="TRUE">4</attwidth><atprecis Sync="TRUE">0</atprecis><attscale Sync="TRUE">0</attscale><attrdef Sync="TRUE">Internal feature number.</attrdef><attrdefs Sync="TRUE">ESRI</attrdefs><attrdomv><udom Sync="TRUE">Sequential unique whole numbers that are automatically generated.</udom></attrdomv></attr><attr><attrlabl Sync="TRUE">Shape</attrlabl><attalias Sync="TRUE">Shape</attalias><attrtype Sync="TRUE">Geometry</attrtype><attwidth Sync="TRUE">0</attwidth><atprecis Sync="TRUE">0</atprecis><attscale Sync="TRUE">0</attscale><attrdef Sync="TRUE">Feature geometry.</attrdef><attrdefs Sync="TRUE">ESRI</attrdefs><attrdomv><udom Sync="TRUE">Coordinates defining the features.</udom></attrdomv></attr><attr><attrlabl Sync="TRUE">DUG_NUMBER</attrlabl><attalias Sync="TRUE">DUG_NUMBER</attalias><attrtype Sync="TRUE">Number</attrtype><attwidth Sync="TRUE">4</attwidth></attr><attr><attrlabl Sync="TRUE">TRANSECT</attrlabl><attalias Sync="TRUE">TRANSECT</attalias><attrtype Sync="TRUE">Number</attrtype><attwidth Sync="TRUE">4</attwidth></attr><attr><attrlabl Sync="TRUE">DUG_ID</attrlabl><attalias Sync="TRUE">DUG_ID</attalias><attrtype Sync="TRUE">Number</attrtype><attwidth Sync="TRUE">4</attwidth></attr><attr><attrlabl Sync="TRUE">LONGITUDE</attrlabl><attalias Sync="TRUE">LONGITUDE</attalias><attrtype Sync="TRUE">Float</attrtype><attwidth Sync="TRUE">19</attwidth><atnumdec Sync="TRUE">11</atnumdec></attr><attr><attrlabl Sync="TRUE">LATITUDE</attrlabl><attalias Sync="TRUE">LATITUDE</attalias><attrtype Sync="TRUE">Float</attrtype><attwidth Sync="TRUE">19</attwidth><atnumdec Sync="TRUE">11</atnumdec></attr></detailed></eainfo><mdDateSt Sync="TRUE">20080826</mdDateSt><dataqual><lineage><procstep><procdesc Sync="TRUE">Dataset copied.</procdesc><srcused Sync="TRUE">C:\Documents and Settings\SEES\Desktop\Database\Database - Work\Work\Shape files\GDA94\DUG_TS_94</srcused><date Sync="TRUE">20080714</date><time Sync="TRUE">12180500</time></procstep></lineage></dataqual><spref><horizsys><cordsysn><geogcsn Sync="TRUE">GCS_GDA_1994</geogcsn></cordsysn><geograph><geogunit Sync="TRUE">Decimal degrees</geogunit><latres Sync="TRUE">0.000000</latres><longres Sync="TRUE">0.000000</longres></geograph><geodetic><horizdn Sync="TRUE">D_GDA_1994</horizdn><ellips Sync="TRUE">Geodetic Reference System 80</ellips><semiaxis Sync="TRUE">6378137.000000</semiaxis><denflat Sync="TRUE">298.257222</denflat></geodetic></horizsys></spref><refSysInfo><RefSystem><refSysID><identCode Sync="TRUE">GCS_GDA_1994</identCode></refSysID></RefSystem></refSysInfo></metadata>
