<?xml version="1.0" encoding="UTF-8"?>
<metadata xml:lang="en"><Esri><CreaDate>20140924</CreaDate><CreaTime>10434900</CreaTime><SyncOnce>TRUE</SyncOnce><DataProperties><itemProps><itemLocation><linkage Sync="TRUE">file://\\6QFYKV1\C$\SS_data\dugong\AMMC_dugong_database\Susan's Summary\Torres Strait\GIS files\Dugong_TSMar2011</linkage><protocol Sync="TRUE">Local Area Network</protocol></itemLocation></itemProps><copyHistory><copy source="C:\SS_data\dugong\ACAMMS_TS_Survey_mar2011\Data\Observations_GIS\Dugong_TSMar2011" dest="\\6QFYKV1\C$\SS_data\dugong\AMMC_dugong_database\Susan's Summary\Torres Strait\GIS files\Dugong_TSMar2011" date="20140924" time="10434900"></copy></copyHistory></DataProperties></Esri></metadata>
