<?xml version="1.0" encoding="UTF-8"?>
<metadata xml:lang="en"><Esri><CreaDate>20140924</CreaDate><CreaTime>15174500</CreaTime><SyncOnce>TRUE</SyncOnce><DataProperties><lineage><Process ToolSource="c:\program files (x86)\arcgis\desktop10.0\ArcToolbox\Toolboxes\Spatial Analyst Tools.tbx\ExtractMultiValuesToPoints" Date="20140123" Time="132404">ExtractMultiValuesToPoints "Dugong sightings" "gop100m gop100m" NONE</Process></lineage><itemProps><itemLocation><linkage Sync="TRUE">file://\\6QFYKV1\C$\SS_data\dugong\AMMC_dugong_database\Susan's Summary\Torres Strait\GIS files\DUG_TS_2013Nov</linkage><protocol Sync="TRUE">Local Area Network</protocol></itemLocation></itemProps><copyHistory><copy source="C:\SS_data\dugong\ADugong_Aerial_Survey_Database\Torres Strait\2013\GIS Data\DUG_TS_2013Nov" dest="\\6QFYKV1\C$\SS_data\dugong\AMMC_dugong_database\Susan's Summary\Torres Strait\GIS files\DUG_TS_2013Nov" date="20140924" time="15174500"></copy></copyHistory></DataProperties></Esri></metadata>
