<?xml version="1.0" encoding="UTF-8"?>
<metadata xml:lang="en"><Esri><CreaDate>20140820</CreaDate><CreaTime>13264000</CreaTime><SyncOnce>TRUE</SyncOnce><DataProperties><itemProps><itemLocation><linkage Sync="TRUE">file://\\6QFYKV1\C$\SS_data\dugong\AMMC_dugong_database\Susan's Summary\Torres Strait\GIS files\Torres_Strait_Transects_Nov2013_GDA94</linkage><protocol Sync="TRUE">Local Area Network</protocol></itemLocation></itemProps><copyHistory><copy source="C:\SS_data\dugong\nGBR_TS2013\GIS\Torres_Strait_Transects_Nov2013_GDA94" dest="\\6QFYKV1\C$\SS_data\dugong\AMMC_dugong_database\Susan's Summary\Torres Strait\GIS files\Torres_Strait_Transects_Nov2013_GDA94" date="20140820" time="13264000"></copy></copyHistory></DataProperties></Esri></metadata>
